anno,comune,alberghieri strutture,alberghieri posti_letto,extra alb. Strutture,extra alb. Posti_letto,tot convenzionali strutture,tot convenzionali posti_letto,all. privati numero,all. privati posti_letto,all.disposizione numero,all. disposizione posti_letto,COMPLESSIVO numero,COMPLESSIVO posti_letto
2019,Ala,5,146,14,694,19,840,75,340,100,440,194,162
2019,Albiano,0,0,0,0,0,0,13,50,12,44,25,94
2019,Aldeno,0,0,1,5,1,5,0,0,3,10,4,15
2019,Altavalle,0,0,7,96,7,96,25,103,153,597,185,796
2019,Altopiano della Vigolana,10,398,9,127,19,525,219,804,373,1441,611,277
2019,Amblar0Don,2,86,4,52,6,138,48,210,147,672,201,102
2019,Andalo,61,4627,12,557,73,5184,458,1761,375,1829,906,8774
2019,Arco,21,1373,109,5779,130,7152,254,1006,228,793,612,8951
2019,Avio,1,25,7,181,8,206,1,4,10,40,19,250
2019,Baselga di Pinè,16,747,12,600,28,1347,557,2242,813,3613,1398,7202
2019,Bedollo,4,258,6,581,10,839,80,477,111,634,201,195
2019,Besenello,0,0,2,15,2,15,0,0,0,0,2,15
2019,Bieno,1,25,5,137,6,162,128,485,239,1035,373,1682
2019,Bleggio Superiore,2,27,10,121,12,148,42,168,291,1164,345,148
2019,Bocenago,1,30,1,60,2,90,77,308,283,1132,362,153
2019,Bondone,1,19,2,248,3,267,8,30,86,333,97,630
2019,Borgo Chiese,4,126,5,76,9,202,46,256,192,897,247,1355
2019,Borgo Lares,1,25,1,82,2,107,44,169,35,122,81,398
2019,Borgo Valsugana,1,19,16,519,17,538,5,35,200,998,222,1571
2019,Brentonico,10,733,16,1752,26,2485,476,2108,922,3867,1424,846
2019,Bresimo,0,0,2,26,2,26,9,31,13,61,24,118
2019,Brez,1,25,9,104,10,129,13,52,55,220,78,401
2019,Caderzone Terme,4,188,7,196,11,384,142,822,440,2178,593,3384
2019,Cagnò,1,34,3,31,4,65,2,8,3,10,9,83
2019,Calceranica al Lago,4,125,13,3675,17,38,137,562,152,663,306,5025
2019,Caldes,2,63,7,116,9,179,29,109,74,261,112,549
2019,Caldonazzo,6,252,8,1516,14,1768,140,533,203,591,357,2892
2019,Calliano,1,83,1,22,2,105,0,0,20,49,22,154
2019,Campitello di Fassa0Ciampedel,36,2335,28,115,64,3485,254,113,430,1952,748,6567
2019,Campodenno,0,0,5,47,5,47,0,0,46,154,51,201
2019,Canal San Bovo,5,141,5,74,10,215,200,803,544,232,754,3338
2019,Canazei0Ćianacëi,84,4683,76,2412,160,7095,478,2176,943,4243,1581,13514
2019,Capriana,1,76,1,14,2,90,66,252,62,240,130,582
2019,Carano,4,377,11,688,15,1065,180,741,801,32,996,5006
2019,Carisolo,8,392,7,400,15,792,438,212,1208,572,1661,8632
2019,Carzano,0,0,3,22,3,22,1,4,7,44,11,70
2019,Castel Condino,0,0,3,98,3,98,52,288,49,216,104,602
2019,Castel Ivano,2,89,9,110,11,199,70,266,132,471,213,936
2019,Castelfondo,0,0,5,74,5,74,45,180,86,372,136,626
2019,Castello Tesino,6,186,12,681,18,867,168,708,411,2036,597,3611
2019,Castello0Molina di Fiemme,6,422,11,105,17,527,176,844,338,1654,531,3025
2019,Castelnuovo,0,0,4,60,4,60,0,0,13,72,17,132
2019,Cavalese,25,1677,18,583,43,226,390,1849,939,4533,1372,8642
2019,Cavareno,6,289,2,109,8,398,122,488,337,1326,467,2212
2019,Cavedago,5,279,3,63,8,342,68,299,95,180,171,821
2019,Cavedine,0,0,12,160,12,160,0,0,150,600,162,760
2019,Cavizzana,0,0,1,7,1,7,0,0,18,60,19,67
2019,Cembra Lisignago,3,119,3,33,6,152,19,58,63,265,88,475
2019,Cimone,0,0,0,0,0,0,0,0,70,254,70,254
2019,Cinte Tesino,0,0,4,75,4,75,79,483,124,696,207,1254
2019,Cis,0,0,2,20,2,20,6,16,15,50,23,86
2019,Civezzano,1,25,4,26,5,51,2,9,81,368,88,428
2019,Cles,2,87,12,246,14,333,31,118,74,281,119,732
2019,Cloz,0,0,3,37,3,37,20,85,24,102,47,224
2019,Comano Terme,12,832,26,542,38,1374,206,809,185,760,429,2943
2019,Commezzadura,12,701,9,180,21,881,76,421,256,1011,353,2313
2019,Contà,1,20,4,89,5,109,15,60,74,348,94,517
2019,Croviana,0,0,4,103,4,103,56,310,30,180,90,593
2019,Daiano,3,151,2,6,5,157,54,171,192,710,251,1038
2019,Dambel,0,0,0,0,0,0,1,4,16,63,17,67
2019,Denno,1,42,2,60,3,102,1,1,28,91,32,194
2019,Dimaro Folgarida,41,3692,20,334,61,4026,813,4001,714,3315,1588,11342
2019,Drena,1,37,5,184,6,221,7,32,27,116,40,369
2019,Dro,6,311,20,786,26,1097,27,103,46,196,99,1396
2019,Faedo,1,56,6,81,7,137,0,0,23,108,30,245
2019,Fai della Paganella,15,859,7,108,22,967,233,1133,261,1313,516,3413
2019,Fiavè,4,153,6,121,10,274,56,264,121,529,187,1067
2019,Fierozzo0Vlarötz,1,16,2,34,3,50,6,21,39,148,48,219
2019,Folgaria,44,3046,24,1187,68,4233,1375,7399,1559,7993,3002,19625
2019,Fondo,6,360,6,109,12,469,139,692,186,1089,337,225
2019,Fornace,0,0,0,0,0,0,17,100,68,375,85,475
2019,Frassilongo0Garait,2,40,2,16,4,56,9,25,76,300,89,381
2019,Garniga Terme,1,63,1,13,2,76,21,70,142,568,165,714
2019,Giovo,2,74,5,39,7,113,4,20,22,106,33,239
2019,Giustino,8,426,7,141,15,567,39,265,808,4042,862,4874
2019,Grigno,2,50,2,33,4,83,0,0,92,333,96,416
2019,Imer,4,117,6,450,10,567,128,575,133,569,271,1711
2019,Isera,0,0,7,71,7,71,2,6,79,372,88,449
2019,Lavarone,23,1081,8,722,31,1803,439,2188,1223,603,1693,10021
2019,Lavis,4,225,13,234,17,459,2,8,0,0,19,467
2019,Ledro,28,949,42,3622,70,4571,1509,743,852,4238,2431,16239
2019,Levico Terme,37,3123,27,4597,64,772,447,1897,459,1606,970,11223
2019,Livo,0,0,2,29,2,29,9,34,2,12,13,75
2019,Lona0Lases,1,24,0,0,1,24,6,24,22,88,29,136
2019,Luserna0Lusérn,1,27,2,40,3,67,24,93,54,147,81,307
2019,Madruzzo,1,50,6,63,7,113,48,240,159,709,214,1062
2019,Malé,7,527,9,81,16,608,91,318,197,632,304,1558
2019,Malosco,5,292,3,177,8,469,47,194,137,683,192,1346
2019,Massimeno,0,0,0,0,0,0,45,180,57,230,102,410
2019,Mazzin0Mazin,11,729,13,294,24,1023,42,136,1068,4442,1134,5601
2019,Mezzana,15,2048,18,2778,33,4826,357,983,1107,4313,1497,10122
2019,Mezzano,4,161,7,161,11,322,201,855,106,486,318,1663
2019,Mezzocorona,4,173,10,129,14,302,7,36,15,86,36,424
2019,Mezzolombardo,1,25,7,65,8,90,0,0,0,0,8,90
2019,Moena0Moena,56,339,10,248,66,3638,778,3493,939,3756,1783,10887
2019,Molveno,39,2426,15,1015,54,3441,467,2049,58,188,579,5678
2019,Mori,1,19,10,127,11,146,18,98,74,353,103,597
2019,Nago0Torbole,52,3179,39,1968,91,5147,187,752,164,666,442,6565
2019,Nogaredo,0,0,3,46,3,46,0,0,3,16,6,62
2019,Nomi,0,0,0,0,0,0,1,2,0,0,1,2
2019,Novaledo,0,0,1,8,1,8,0,0,16,65,17,73
2019,Ospedaletto,0,0,1,4,1,4,6,15,19,58,26,77
2019,Ossana,5,251,9,1066,14,1317,65,260,349,1396,428,2973
2019,Palù del Fersina0Palai en Bersntol,1,24,5,188,6,212,15,53,8,32,29,297
2019,Panchià,6,327,2,14,8,341,69,286,138,609,215,1236
2019,Peio,26,1575,15,956,41,2531,491,2329,582,2827,1114,7687
2019,Pellizzano,3,155,7,185,10,340,74,308,268,1092,352,174
2019,Pelugo,0,0,2,138,2,138,44,142,52,156,98,436
2019,Pergine Valsugana,18,682,23,1397,41,2079,97,479,182,475,320,3033
2019,Pieve di Bono0Prezzo,3,59,6,261,9,320,81,354,86,374,176,1048
2019,Pieve Tesino,1,16,21,1573,22,1589,134,772,320,1627,476,3988
2019,Pinzolo,96,6447,35,1799,131,8246,2765,1205,201,8874,4906,2917
2019,Pomarolo,0,0,1,54,1,54,0,0,22,92,23,146
2019,Porte di Rendena,3,100,3,439,6,539,201,848,319,1336,526,2723
2019,Predaia,7,419,30,679,37,1098,570,2515,700,3102,1307,6715
2019,Predazzo,23,1689,19,1447,42,3136,496,2411,790,3955,1328,9502
2019,Primiero San Martino di Castrozza,74,4915,40,216,114,7075,967,4559,2039,8707,312,20341
2019,Rabbi,4,204,23,578,27,782,138,538,334,1437,499,2757
2019,Revò,1,46,4,34,5,80,4,18,12,46,21,144
2019,Riva del Garda,75,6232,102,3843,177,10075,368,1419,501,2021,1046,13515
2019,Romallo,1,24,3,37,4,61,11,25,29,73,44,159
2019,Romeno,4,152,5,130,9,282,55,220,212,1018,276,152
2019,Roncegno Terme,7,399,8,140,15,539,93,410,196,686,304,1635
2019,Ronchi Valsugana,1,20,2,17,3,37,0,0,76,304,79,341
2019,Ronzo0Chienis,2,60,4,35,6,95,30,160,190,890,226,1145
2019,Ronzone,3,168,3,45,6,213,96,384,480,191,582,2507
2019,Roverè della Luna,1,24,3,26,4,50,0,0,6,24,10,74
2019,Rovereto,7,517,45,845,52,1362,29,102,306,920,387,2384
2019,Ruffrè0Mendola,3,93,3,166,6,259,31,148,291,128,328,1687
2019,Rumo,2,107,7,276,9,383,69,262,192,730,270,1375
2019,Sagron Mis,1,43,3,9,4,52,32,134,59,266,95,452
2019,Samone,1,25,0,0,1,25,17,86,39,192,57,303
2019,San Giovanni di Fassa0Sen Jan,78,459,72,3569,150,8159,816,3568,1244,5599,221,17326
2019,San Lorenzo Dorsino,8,457,10,385,18,842,192,792,204,870,414,2504
2019,San Michele all'Adige,2,71,1,6,3,77,0,0,0,0,3,77
2019,Sant'Orsola Terme,1,68,8,103,9,171,89,320,50,188,148,679
2019,Sanzeno,1,39,4,75,5,114,18,75,31,155,54,344
2019,Sarnonico,5,334,2,470,7,804,46,184,125,535,178,1523
2019,Scurelle,1,20,11,176,12,196,0,0,70,287,82,483
2019,Segonzano,1,75,7,158,8,233,4,13,118,459,130,705
2019,Sella Giudicarie,12,553,9,308,21,861,222,909,544,2164,787,3934
2019,Sfruz,1,25,3,86,4,111,37,168,199,904,240,1183
2019,Soraga di Fassa0Soraga,18,907,8,187,26,1094,134,610,177,770,337,2474
2019,Sover,2,59,2,40,4,99,18,64,128,520,150,683
2019,Spiazzo,4,108,7,282,11,390,345,162,526,2104,882,4114
2019,Spormaggiore,3,58,5,57,8,115,30,125,68,302,106,542
2019,Sporminore,2,39,2,25,4,64,7,30,12,53,23,147
2019,Stenico,3,365,14,661,17,1026,90,265,270,780,377,2071
2019,Storo,2,101,4,93,6,194,32,110,197,480,235,784
2019,Strembo,1,23,2,59,3,82,406,2842,319,2604,728,5528
2019,Telve,2,58,12,324,14,382,27,140,207,101,248,1532
2019,Telve di Sopra,0,0,1,12,1,12,0,0,50,205,51,217
2019,Tenna,3,153,0,0,3,153,94,440,102,498,199,1091
2019,Tenno,7,272,13,444,20,716,66,321,285,1266,371,2303
2019,Terragnolo,0,0,1,12,1,12,24,110,196,805,221,927
2019,Terre d'Adige,0,0,3,17,3,17,0,0,0,0,3,17
2019,Terzolas,1,93,3,114,4,207,25,95,40,144,69,446
2019,Tesero,13,1068,15,509,28,1577,182,819,361,1627,571,4023
2019,Tione di Trento,3,55,7,194,10,249,23,110,159,840,192,1199
2019,Ton,0,0,6,61,6,61,0,0,0,0,6,61
2019,Torcegno,1,46,3,279,4,325,13,43,99,383,116,751
2019,Trambileno,0,0,1,85,1,85,0,0,91,360,92,445
2019,Tre Ville,14,796,10,483,24,1279,83,360,816,4405,923,6044
2019,Trento,37,3661,159,2761,196,6422,531,3001,212,1119,939,10542
2019,Valdaone,4,81,27,993,31,1074,50,250,147,768,228,2092
2019,Valfloriana,0,0,4,62,4,62,16,72,64,268,84,402
2019,Vallarsa,5,143,5,96,10,239,115,735,575,4025,700,4999
2019,Vallelaghi,7,231,9,625,16,856,30,169,146,674,192,1699
2019,Varena,6,276,6,79,12,355,78,405,192,1207,282,1967
2019,Vermiglio,28,2067,21,926,49,2993,154,559,834,2918,1037,647
2019,Vignola0Falesina,3,109,2,17,5,126,1,40,127,363,133,529
2019,Villa Lagarina,1,23,9,224,10,247,26,85,241,109,277,1422
2019,Ville d'Anaunia,4,94,14,153,18,247,34,102,28,109,80,458
2019,Volano,0,0,4,28,4,28,0,0,0,0,4,28
2019,Ziano di Fiemme,8,568,6,52,14,620,222,1055,413,1875,649,355
2019,Provincia,1482,92564,1897,79584,3379,172148,25231,114975,44956,199726,73566,486849
2020,Ala,5,146,16,669,21,815,75,340,100,440,196,1595
2020,Albiano,0,0,0,0,0,0,13,50,12,44,25,94
2020,Aldeno,0,0,1,5,1,5,0,0,3,10,4,15
2020,Altavalle,0,0,7,96,7,96,25,103,153,597,185,796
2020,Altopiano della Vigolana,9,373,11,134,20,507,219,804,373,1441,612,2752
2020,Amblar0Don,1,25,4,52,5,77,48,210,147,672,200,959
2020,Andalo,61,4643,12,550,73,5193,458,1761,375,1829,906,8783
2020,Arco,18,126,112,5469,130,6729,285,1119,228,793,643,8641
2020,Avio,2,68,7,181,9,249,1,4,10,40,20,293
2020,Baselga di Pinè,16,747,11,510,27,1257,557,2242,813,3613,1397,7112
2020,Bedollo,4,258,5,575,9,833,80,477,111,634,200,1944
2020,Besenello,0,0,2,15,2,15,0,0,0,0,2,15
2020,Bieno,1,25,3,49,4,74,128,485,239,1035,371,1594
2020,Bleggio Superiore,2,27,9,110,11,137,42,168,291,1164,344,1469
2020,Bocenago,1,30,1,4,2,34,77,308,283,1132,362,1474
2020,Bondone,1,19,2,248,3,267,8,30,86,333,97,630
2020,Borgo Chiese,4,126,5,76,9,202,46,256,192,897,247,1355
2020,Borgo d'Anaunia,11,652,16,395,27,1047,231,1066,409,2144,667,4257
2020,Borgo Lares,1,25,1,82,2,107,44,169,35,122,81,398
2020,Borgo Valsugana,1,19,15,457,16,476,5,35,200,998,221,1509
2020,Brentonico,11,747,16,1673,27,242,476,2108,922,3867,1425,8395
2020,Bresimo,0,0,2,26,2,26,9,31,13,61,24,118
2020,Caderzone Terme,4,188,7,196,11,384,142,822,440,2178,593,3384
2020,Calceranica al Lago,4,125,12,3677,16,3802,137,562,152,663,305,5027
2020,Caldes,2,63,6,112,8,175,29,109,74,261,111,545
2020,Caldonazzo,6,252,7,1502,13,1754,140,533,203,591,356,2878
2020,Calliano,1,83,1,22,2,105,0,0,20,49,22,154
2020,Campitello di Fassa0Ciampedel,36,2332,27,1109,63,3441,254,113,430,1952,747,6523
2020,Campodenno,0,0,5,47,5,47,2,14,46,154,53,215
2020,Canal San Bovo,4,104,6,82,10,186,200,803,544,232,754,3309
2020,Canazei0Ćianacëi,83,464,81,2354,164,6994,478,2176,943,4243,1585,13413
2020,Capriana,1,76,2,20,3,96,66,252,62,240,131,588
2020,Carisolo,8,392,8,443,16,835,438,212,1208,572,1662,8675
2020,Carzano,0,0,3,22,3,22,1,4,7,44,11,70
2020,Castel Condino,0,0,2,48,2,48,52,288,49,216,103,552
2020,Castel Ivano,2,89,10,114,12,203,70,266,132,471,214,940
2020,Castello Tesino,6,186,10,563,16,749,168,708,411,2036,595,3493
2020,Castello0Molina di Fiemme,6,422,12,151,18,573,176,844,338,1654,532,3071
2020,Castelnuovo,0,0,4,60,4,60,0,0,13,72,17,132
2020,Cavalese,25,1677,17,527,42,2204,390,1849,939,4533,1371,8586
2020,Cavareno,5,249,3,120,8,369,122,488,337,1326,467,2183
2020,Cavedago,5,279,3,63,8,342,68,299,95,180,171,821
2020,Cavedine,0,0,10,151,10,151,0,0,150,600,160,751
2020,Cavizzana,0,0,1,7,1,7,0,0,18,60,19,67
2020,Cembra Lisignago,3,119,3,33,6,152,19,58,63,265,88,475
2020,Cimone,0,0,0,0,0,0,0,0,70,254,70,254
2020,Cinte Tesino,0,0,3,70,3,70,79,483,124,696,206,1249
2020,Cis,0,0,2,20,2,20,6,16,15,50,23,86
2020,Civezzano,0,0,2,11,2,11,2,9,81,368,85,388
2020,Cles,2,87,9,132,11,219,31,118,74,281,116,618
2020,Comano Terme,10,731,23,421,33,1152,206,809,185,760,424,2721
2020,Commezzadura,12,721,10,200,22,921,76,421,256,1011,354,2353
2020,Contà,1,20,4,89,5,109,15,60,74,348,94,517
2020,Croviana,0,0,4,103,4,103,56,310,30,180,90,593
2020,Dambel,0,0,0,0,0,0,1,4,16,63,17,67
2020,Denno,1,42,2,60,3,102,1,1,28,91,32,194
2020,Dimaro Folgarida,41,3708,20,371,61,4079,813,4001,714,3315,1588,11395
2020,Drena,1,37,5,182,6,219,8,36,27,116,41,371
2020,Dro,6,311,20,788,26,1099,33,138,46,196,105,1433
2020,Fai della Paganella,15,859,8,141,23,1,233,1133,261,1313,517,3446
2020,Fiavè,3,112,5,106,8,218,56,264,121,529,185,1011
2020,Fierozzo0Vlarötz,1,16,1,9,2,25,6,21,39,148,47,194
2020,Folgaria,45,3071,25,1139,70,421,1375,7399,1559,7993,3004,19602
2020,Fornace,1,11,0,0,1,11,17,100,68,375,86,486
2020,Frassilongo0Garait,2,40,3,24,5,64,9,25,76,300,90,389
2020,Garniga Terme,1,63,1,13,2,76,21,70,142,568,165,714
2020,Giovo,2,74,4,30,6,104,4,20,22,106,32,230
2020,Giustino,8,426,8,161,16,587,39,265,808,4042,863,4894
2020,Grigno,3,72,2,33,5,105,0,0,92,333,97,438
2020,Imer,4,117,6,450,10,567,128,575,133,569,271,1711
2020,Isera,0,0,6,68,6,68,2,6,79,372,87,446
2020,Lavarone,21,1031,8,659,29,169,439,2188,1223,603,1691,9908
2020,Lavis,4,225,14,247,18,472,2,8,0,0,20,480
2020,Ledro,29,974,45,3941,74,4915,1509,743,852,4238,2435,16583
2020,Levico Terme,37,3114,24,4505,61,7619,447,1897,459,1606,967,11122
2020,Livo,0,0,2,29,2,29,9,34,2,12,13,75
2020,Lona0Lases,1,24,0,0,1,24,6,24,22,88,29,136
2020,Luserna0Lusérn,1,27,2,40,3,67,24,93,54,147,81,307
2020,Madruzzo,1,50,6,81,7,131,48,240,159,709,214,108
2020,Malé,7,527,8,74,15,601,91,318,197,632,303,1551
2020,Massimeno,0,0,0,0,0,0,45,180,57,230,102,410
2020,Mazzin0Mazin,11,729,14,304,25,1033,42,136,1068,4442,1135,5611
2020,Mezzana,15,2048,19,2914,34,4962,357,983,1107,4313,1498,10258
2020,Mezzano,4,161,6,156,10,317,201,855,106,486,317,1658
2020,Mezzocorona,4,173,12,138,16,311,7,36,15,86,38,433
2020,Mezzolombardo,1,25,8,68,9,93,1,4,0,0,10,97
2020,Moena0Moena,54,3289,12,250,66,3539,778,3493,939,3756,1783,10788
2020,Molveno,39,2416,15,1015,54,3431,467,2049,58,188,579,5668
2020,Mori,1,19,9,177,10,196,18,98,74,353,102,647
2020,Nago0Torbole,51,3112,39,1968,90,508,193,765,164,666,447,6511
2020,Nogaredo,0,0,3,46,3,46,0,0,3,16,6,62
2020,Nomi,0,0,0,0,0,0,1,2,0,0,1,2
2020,Novaledo,0,0,1,8,1,8,0,0,16,65,17,73
2020,Novella,4,129,22,247,26,376,50,188,123,451,199,1015
2020,Ospedaletto,0,0,1,4,1,4,6,15,19,58,26,77
2020,Ossana,5,252,7,1012,12,1264,65,260,349,1396,426,292
2020,Palù del Fersina0Palai en Bersntol,1,24,2,40,3,64,15,53,8,32,26,149
2020,Panchià,6,327,2,14,8,341,69,286,138,609,215,1236
2020,Peio,25,1546,15,956,40,2502,491,2329,582,2827,1113,7658
2020,Pellizzano,3,155,7,185,10,340,74,308,268,1092,352,174
2020,Pelugo,0,0,2,138,2,138,44,142,52,156,98,436
2020,Pergine Valsugana,15,625,20,138,35,2005,97,479,182,475,314,2959
2020,Pieve di Bono0Prezzo,3,58,3,94,6,152,81,354,86,374,173,880
2020,Pieve Tesino,1,16,6,1019,7,1035,134,772,320,1627,461,3434
2020,Pinzolo,95,6409,30,1488,125,7897,2765,1205,201,8874,49,28821
2020,Pomarolo,0,0,1,54,1,54,4,14,22,92,27,160
2020,Porte di Rendena,3,100,4,496,7,596,201,848,319,1336,527,278
2020,Predaia,6,373,28,636,34,1009,570,2515,700,3102,1304,6626
2020,Predazzo,23,1689,19,19,42,3589,496,2411,790,3955,1328,9955
2020,Primiero San Martino di Castrozza,72,483,33,1487,105,6317,967,4559,2039,8707,3111,19583
2020,Rabbi,4,204,24,587,28,791,138,538,334,1437,500,2766
2020,Riva del Garda,74,6156,103,3839,177,9995,383,1488,501,2021,1061,13504
2020,Romeno,4,152,6,141,10,293,55,220,212,1018,277,1531
2020,Roncegno Terme,7,399,7,134,14,533,93,410,196,686,303,1629
2020,Ronchi Valsugana,1,20,1,10,2,30,0,0,76,304,78,334
2020,Ronzo0Chienis,2,60,5,57,7,117,30,160,190,890,227,1167
2020,Ronzone,3,168,3,45,6,213,96,384,480,191,582,2507
2020,Roverè della Luna,1,24,3,19,4,43,0,0,6,24,10,67
2020,Rovereto,7,517,39,721,46,1238,29,102,306,920,381,226
2020,Ruffrè0Mendola,3,93,3,166,6,259,31,148,291,128,328,1687
2020,Rumo,2,110,5,56,7,166,69,262,192,730,268,1158
2020,Sagron Mis,1,43,3,9,4,52,32,134,59,266,95,452
2020,Samone,1,25,0,0,1,25,17,86,39,192,57,303
2020,San Giovanni di Fassa0Sen Jan,79,4607,75,3592,154,8199,816,3568,1244,5599,2214,17366
2020,San Lorenzo Dorsino,8,457,11,392,19,849,192,792,204,870,415,2511
2020,San Michele all'Adige,2,71,7,87,9,158,0,0,18,94,27,252
2020,Sant'Orsola Terme,1,68,6,49,7,117,89,320,50,188,146,625
2020,Sanzeno,1,39,3,65,4,104,18,75,31,155,53,334
2020,Sarnonico,5,334,2,470,7,804,46,184,125,535,178,1523
2020,Scurelle,1,20,8,145,9,165,0,0,70,287,79,452
2020,Segonzano,1,75,7,158,8,233,4,13,118,459,130,705
2020,Sella Giudicarie,12,553,3,90,15,643,222,909,544,2164,781,3716
2020,Sfruz,1,25,3,86,4,111,37,168,199,904,240,1183
2020,Soraga di Fassa0Soraga,18,931,7,182,25,1113,134,610,177,770,336,2493
2020,Sover,1,48,1,8,2,56,18,64,128,520,148,640
2020,Spiazzo,4,108,8,344,12,452,345,162,526,2104,883,4176
2020,Spormaggiore,3,58,5,57,8,115,30,125,68,302,106,542
2020,Sporminore,2,39,2,25,4,64,7,30,12,53,23,147
2020,Stenico,3,365,6,93,9,458,90,265,270,780,369,1503
2020,Storo,2,101,4,93,6,194,32,110,197,480,235,784
2020,Strembo,1,23,2,59,3,82,406,2842,319,2604,728,5528
2020,Telve,2,58,6,103,8,161,27,140,207,101,242,1311
2020,Telve di Sopra,0,0,0,0,0,0,0,0,50,205,50,205
2020,Tenna,3,153,2,19,5,172,94,440,102,498,201,111
2020,Tenno,8,330,13,444,21,774,70,339,285,1266,376,2379
2020,Terragnolo,0,0,1,12,1,12,24,110,196,805,221,927
2020,Terre d'Adige,0,0,4,29,4,29,1,8,0,0,5,37
2020,Terzolas,1,93,3,114,4,207,25,95,40,144,69,446
2020,Tesero,13,1068,16,572,29,164,182,819,361,1627,572,4086
2020,Tione di Trento,3,55,6,96,9,151,23,110,159,840,191,1101
2020,Ton,0,0,6,61,6,61,1,3,0,0,7,64
2020,Torcegno,1,46,3,279,4,325,13,43,99,383,116,751
2020,Trambileno,0,0,1,85,1,85,0,0,91,360,92,445
2020,Tre Ville,12,746,9,386,21,1132,83,360,816,4405,920,5897
2020,Trento,37,3703,158,2553,195,6256,531,3001,212,1119,938,10376
2020,Valdaone,4,81,7,139,11,220,50,250,147,768,208,1238
2020,Valfloriana,0,0,4,62,4,62,16,72,64,268,84,402
2020,Vallarsa,4,120,6,101,10,221,115,735,575,4025,700,4981
2020,Vallelaghi,7,232,12,668,19,900,30,169,146,674,195,1743
2020,Vermiglio,28,2056,10,406,38,2462,154,559,834,2918,1026,5939
2020,Vignola0Falesina,3,109,2,17,5,126,1,40,127,363,133,529
2020,Villa Lagarina,1,23,9,219,10,242,26,85,241,109,277,1417
2020,Ville d'Anaunia,4,94,14,153,18,247,35,106,28,109,81,462
2020,Ville di Fiemme,13,804,19,805,32,1609,312,1317,1185,5117,1529,8043
2020,Volano,0,0,4,28,4,28,0,0,0,0,4,28
2020,Ziano di Fiemme,8,568,4,29,12,597,222,1055,413,1875,647,3527
2020,Provincia,1459,91693,1801,74349,326,166042,25304,115274,44951,199712,73515,481028
2021,Ala,5,146,14,626,19,772,75,340,100,440,194,1552
2021,Albiano,0,0,0,0,0,0,13,50,12,44,25,94
2021,Aldeno,0,0,1,5,1,5,0,0,3,10,4,15
2021,Altavalle,0,0,7,96,7,96,25,103,153,597,185,796
2021,Altopiano della Vigolana,9,373,11,163,20,536,219,804,373,1441,612,2781
2021,Amblar0Don,0,0,4,52,4,52,48,210,147,672,199,934
2021,Andalo,61,4643,12,550,73,5193,458,1761,375,1829,906,8783
2021,Arco,19,134,104,5426,123,6766,254,1006,228,793,605,8565
2021,Avio,2,68,7,181,9,249,1,4,10,40,20,293
2021,Baselga di Pinè,14,684,13,551,27,1235,557,2242,813,3613,1397,709
2021,Bedollo,4,258,5,575,9,833,80,477,111,634,200,1944
2021,Besenello,0,0,2,15,2,15,0,0,0,0,2,15
2021,Bieno,1,25,4,197,5,222,128,485,239,1035,372,1742
2021,Bleggio Superiore,2,27,9,98,11,125,42,168,291,1164,344,1457
2021,Bocenago,1,30,1,4,2,34,77,308,283,1132,362,1474
2021,Bondone,1,19,3,261,4,280,8,30,86,333,98,643
2021,Borgo Chiese,4,126,5,72,9,198,46,256,192,897,247,1351
2021,Borgo d'Anaunia,11,652,15,384,26,1036,231,1066,409,2144,666,4246
2021,Borgo Lares,1,25,1,82,2,107,44,169,35,122,81,398
2021,Borgo Valsugana,1,19,14,317,15,336,5,35,200,998,220,1369
2021,Brentonico,10,730,21,1912,31,2642,476,2108,922,3867,1429,8617
2021,Bresimo,0,0,2,26,2,26,9,31,13,61,24,118
2021,Caderzone Terme,4,188,7,196,11,384,142,822,440,2178,593,3384
2021,Calceranica al Lago,4,125,11,367,15,3795,137,562,152,663,304,502
2021,Caldes,2,63,7,117,9,180,29,109,74,261,112,550
2021,Caldonazzo,6,252,7,1502,13,1754,140,533,203,591,356,2878
2021,Calliano,1,83,1,22,2,105,0,0,20,49,22,154
2021,Campitello di Fassa0Ciampedel,36,2332,25,1083,61,3415,254,113,430,1952,745,6497
2021,Campodenno,0,0,6,72,6,72,2,14,46,154,54,240
2021,Canal San Bovo,4,104,6,82,10,186,200,803,544,232,754,3309
2021,Canazei0Ćianacëi,86,4749,81,2366,167,7115,478,2176,943,4243,1588,13534
2021,Capriana,1,76,3,25,4,101,66,252,62,240,132,593
2021,Carisolo,8,392,7,442,15,834,438,212,1208,572,1661,8674
2021,Carzano,0,0,4,30,4,30,1,4,7,44,12,78
2021,Castel Condino,0,0,3,48,3,48,52,288,49,216,104,552
2021,Castel Ivano,2,89,9,103,11,192,70,266,132,471,213,929
2021,Castello Tesino,6,186,9,554,15,740,168,708,411,2036,594,3484
2021,Castello0Molina di Fiemme,6,422,11,147,17,569,176,844,338,1654,531,3067
2021,Castelnuovo,0,0,4,60,4,60,0,0,13,72,17,132
2021,Cavalese,25,1677,19,504,44,2181,390,1849,939,4533,1373,8563
2021,Cavareno,5,273,3,117,8,390,122,488,337,1326,467,2204
2021,Cavedago,4,231,4,71,8,302,68,299,95,180,171,781
2021,Cavedine,0,0,8,143,8,143,0,0,150,600,158,743
2021,Cavizzana,0,0,1,7,1,7,0,0,18,60,19,67
2021,Cembra Lisignago,3,119,3,33,6,152,19,58,63,265,88,475
2021,Cimone,0,0,0,0,0,0,0,0,70,254,70,254
2021,Cinte Tesino,0,0,3,70,3,70,79,483,124,696,206,1249
2021,Cis,0,0,1,10,1,10,6,16,15,50,22,76
2021,Civezzano,0,0,1,9,1,9,2,9,81,368,84,386
2021,Cles,2,87,11,197,13,284,31,118,74,281,118,683
2021,Comano Terme,9,672,23,465,32,1137,206,809,185,760,423,2706
2021,Commezzadura,12,721,10,200,22,921,76,421,256,1011,354,2353
2021,Contà,1,20,4,84,5,104,15,60,74,348,94,512
2021,Croviana,0,0,4,103,4,103,56,310,30,180,90,593
2021,Dambel,0,0,0,0,0,0,1,4,16,63,17,67
2021,Denno,1,42,1,16,2,58,1,1,28,91,31,150
2021,Dimaro Folgarida,40,3652,17,343,57,3995,813,4001,714,3315,1584,11311
2021,Drena,1,37,4,183,5,220,7,32,27,116,39,368
2021,Dro,5,254,18,783,23,1037,27,103,46,196,96,1336
2021,Fai della Paganella,14,763,8,141,22,904,233,1133,261,1313,516,335
2021,Fiavè,3,112,5,86,8,198,56,264,121,529,185,991
2021,Fierozzo0Vlarötz,1,16,1,9,2,25,6,21,39,148,47,194
2021,Folgaria,44,3088,24,117,68,4258,1375,7399,1559,7993,3002,1965
2021,Fornace,0,0,0,0,0,0,17,100,68,375,85,475
2021,Frassilongo0Garait,2,40,2,16,4,56,9,25,76,300,89,381
2021,Garniga Terme,1,63,0,0,1,63,21,70,142,568,164,701
2021,Giovo,2,74,6,51,8,125,4,20,22,106,34,251
2021,Giustino,7,416,7,145,14,561,39,265,808,4042,861,4868
2021,Grigno,3,72,1,8,4,80,0,0,92,333,96,413
2021,Imer,4,117,6,450,10,567,128,575,133,569,271,1711
2021,Isera,0,0,5,61,5,61,2,6,79,372,86,439
2021,Lavarone,23,1128,11,762,34,189,439,2188,1223,603,1696,10108
2021,Lavis,4,225,12,228,16,453,2,8,0,0,18,461
2021,Ledro,28,955,47,3889,75,4844,1509,743,852,4238,2436,16512
2021,Levico Terme,34,3002,24,4546,58,7548,447,1897,459,1606,964,11051
2021,Livo,0,0,1,16,1,16,9,34,2,12,12,62
2021,Lona0Lases,1,24,0,0,1,24,6,24,22,88,29,136
2021,Luserna0Lusérn,0,0,1,24,1,24,24,93,54,147,79,264
2021,Madruzzo,1,50,5,71,6,121,48,240,159,709,213,107
2021,Malé,7,527,10,110,17,637,91,318,197,632,305,1587
2021,Massimeno,0,0,1,24,1,24,45,180,57,230,103,434
2021,Mazzin0Mazin,11,729,13,318,24,1047,42,136,1068,4442,1134,5625
2021,Mezzana,13,1743,14,2053,27,3796,357,983,1107,4313,1491,9092
2021,Mezzano,4,161,6,156,10,317,201,855,106,486,317,1658
2021,Mezzocorona,4,173,12,135,16,308,7,36,15,86,38,430
2021,Mezzolombardo,1,25,9,72,10,97,1,4,0,0,11,101
2021,Moena0Moena,54,3286,13,265,67,3551,778,3493,939,3756,1784,108
2021,Molveno,39,2416,16,1008,55,3424,467,2049,58,188,580,5661
2021,Mori,1,19,11,197,12,216,18,98,74,353,104,667
2021,Nago0Torbole,48,2927,42,1821,90,4748,187,752,164,666,441,6166
2021,Nogaredo,0,0,2,31,2,31,3,17,3,16,8,64
2021,Nomi,0,0,0,0,0,0,1,2,0,0,1,2
2021,Novaledo,0,0,0,0,0,0,0,0,16,65,16,65
2021,Novella,3,105,21,295,24,400,50,188,123,451,197,1039
2021,Ospedaletto,0,0,2,6,2,6,6,15,19,58,27,79
2021,Ossana,5,252,7,1015,12,1267,65,260,349,1396,426,2923
2021,Palù del Fersina0Palai en Bersntol,1,24,1,30,2,54,15,53,8,32,25,139
2021,Panchià,6,327,1,6,7,333,69,286,138,609,214,1228
2021,Peio,25,1546,16,966,41,2512,491,2329,582,2827,1114,7668
2021,Pellizzano,3,155,9,193,12,348,74,308,268,1092,354,1748
2021,Pelugo,0,0,2,138,2,138,44,142,52,156,98,436
2021,Pergine Valsugana,12,551,19,1382,31,1933,97,479,182,475,310,2887
2021,Pieve di Bono0Prezzo,3,58,6,261,9,319,81,354,86,374,176,1047
2021,Pieve Tesino,1,16,14,1321,15,1337,134,772,320,1627,469,3736
2021,Pinzolo,92,6274,35,162,127,7894,2765,1205,201,8874,4902,28818
2021,Pomarolo,0,0,1,54,1,54,4,14,22,92,27,160
2021,Porte di Rendena,2,81,3,439,5,520,201,848,319,1336,525,2704
2021,Predaia,6,373,27,622,33,995,570,2515,700,3102,1303,6612
2021,Predazzo,23,1689,20,1919,43,3608,496,2411,790,3955,1329,9974
2021,Primiero San Martino di Castrozza,69,4678,35,1728,104,6406,967,4559,2039,8707,311,19672
2021,Rabbi,4,204,25,622,29,826,138,538,334,1437,501,2801
2021,Riva del Garda,74,6156,105,3949,179,10105,368,1419,501,2021,1048,13545
2021,Romeno,4,152,6,141,10,293,55,220,212,1018,277,1531
2021,Roncegno Terme,7,399,7,134,14,533,93,410,196,686,303,1629
2021,Ronchi Valsugana,1,20,0,0,1,20,0,0,76,304,77,324
2021,Ronzo0Chienis,2,60,4,35,6,95,30,160,190,890,226,1145
2021,Ronzone,3,168,3,45,6,213,96,384,480,191,582,2507
2021,Roverè della Luna,1,24,3,19,4,43,0,0,6,24,10,67
2021,Rovereto,7,517,39,748,46,1265,29,102,306,920,381,2287
2021,Ruffrè0Mendola,3,93,2,23,5,116,31,148,291,128,327,1544
2021,Rumo,2,110,6,62,8,172,69,262,192,730,269,1164
2021,Sagron Mis,1,43,3,9,4,52,32,134,59,266,95,452
2021,Samone,1,25,0,0,1,25,17,86,39,192,57,303
2021,San Giovanni di Fassa0Sen Jan,80,471,71,3548,151,8258,816,3568,1244,5599,2211,17425
2021,San Lorenzo Dorsino,9,501,11,406,20,907,192,792,204,870,416,2569
2021,San Michele all'Adige,2,71,7,87,9,158,0,0,18,94,27,252
2021,Sant'Orsola Terme,1,68,6,68,7,136,89,320,50,188,146,644
2021,Sanzeno,1,39,2,22,3,61,18,75,31,155,52,291
2021,Sarnonico,5,334,2,470,7,804,46,184,125,535,178,1523
2021,Scurelle,1,20,9,157,10,177,0,0,70,287,80,464
2021,Segonzano,1,75,7,164,8,239,4,13,118,459,130,711
2021,Sella Giudicarie,11,529,7,260,18,789,222,909,544,2164,784,3862
2021,Sfruz,1,25,3,86,4,111,37,168,199,904,240,1183
2021,Soraga di Fassa0Soraga,19,964,7,182,26,1146,134,610,177,770,337,2526
2021,Sover,1,48,2,40,3,88,18,64,128,520,149,672
2021,Spiazzo,4,108,7,282,11,390,345,162,526,2104,882,4114
2021,Spormaggiore,3,58,6,74,9,132,30,125,68,302,107,559
2021,Sporminore,2,39,3,27,5,66,7,30,12,53,24,149
2021,Stenico,3,365,7,151,10,516,90,265,270,780,370,1561
2021,Storo,2,101,3,33,5,134,32,110,197,480,234,724
2021,Strembo,2,48,3,69,5,117,406,2842,319,2604,730,5563
2021,Telve,2,58,10,239,12,297,27,140,207,101,246,1447
2021,Telve di Sopra,0,0,0,0,0,0,0,0,50,205,50,205
2021,Tenna,3,153,2,19,5,172,94,440,102,498,201,111
2021,Tenno,8,330,17,519,25,849,66,321,285,1266,376,2436
2021,Terragnolo,0,0,1,12,1,12,24,110,196,805,221,927
2021,Terre d'Adige,0,0,3,21,3,21,1,8,0,0,4,29
2021,Terzolas,1,93,2,42,3,135,25,95,40,144,68,374
2021,Tesero,13,1068,17,555,30,1623,182,819,361,1627,573,4069
2021,Tione di Trento,3,55,6,56,9,111,23,110,159,840,191,1061
2021,Ton,0,0,4,45,4,45,1,3,0,0,5,48
2021,Torcegno,1,46,3,279,4,325,13,43,99,383,116,751
2021,Trambileno,0,0,1,85,1,85,0,0,91,360,92,445
2021,Tre Ville,12,746,8,354,20,11,83,360,816,4405,919,5865
2021,Trento,35,3575,143,2353,178,5928,531,3001,212,1119,921,10048
2021,Valdaone,4,81,14,413,18,494,50,250,147,768,215,1512
2021,Valfloriana,0,0,4,62,4,62,16,72,64,268,84,402
2021,Vallarsa,5,143,3,86,8,229,115,735,575,4025,698,4989
2021,Vallelaghi,5,187,11,663,16,850,30,169,146,674,192,1693
2021,Vermiglio,28,2056,8,321,36,2377,154,559,834,2918,1024,5854
2021,Vignola0Falesina,3,109,2,17,5,126,1,40,127,363,133,529
2021,Villa Lagarina,1,23,7,211,8,234,26,85,241,109,275,1409
2021,Ville d'Anaunia,4,94,15,197,19,291,35,106,28,109,82,506
2021,Ville di Fiemme,13,804,20,823,33,1627,312,1317,1185,5117,153,8061
2021,Volano,0,0,3,19,3,19,0,0,0,0,3,19
2021,Ziano di Fiemme,8,568,5,49,13,617,222,1055,413,1875,648,3547
2021,Provincia,1432,90554,18,74661,3232,165215,25244,115039,44951,199712,73427,479966
2022,Ala,4,123,13,668,17,791,11,52,203,907,231,1750
2022,Albiano,0,0,0,0,0,0,1,4,32,71,33,75
2022,Aldeno,0,0,1,5,1,5,1,2,49,119,51,126
2022,Altavalle,0,0,7,96,7,96,22,89,90,262,119,447
2022,Altopiano della Vigolana,8,333,11,166,19,499,60,235,404,1929,483,2663
2022,Amblar0Don,1,25,4,52,5,77,36,159,196,928,237,1164
2022,Andalo,61,4645,14,548,75,5193,337,1478,629,2516,1041,9187
2022,Arco,19,134,107,5551,126,6891,350,1351,849,2848,1325,11090
2022,Avio,1,25,6,172,7,197,5,22,114,688,126,907
2022,Baselga di Pinè,14,679,14,647,28,1326,291,1109,1002,3324,1321,5759
2022,Bedollo,4,250,6,583,10,833,48,193,213,854,271,1880
2022,Besenello,1,19,1,8,2,27,8,23,108,642,118,692
2022,Bieno,1,25,2,69,3,94,2,16,264,1294,269,1404
2022,Bleggio Superiore,2,27,9,98,11,125,23,84,442,2085,476,2294
2022,Bocenago,1,30,1,4,2,34,29,114,411,1512,442,1660
2022,Bondone,1,19,2,244,3,263,6,27,96,368,105,658
2022,Borgo Chiese,3,101,4,64,7,165,6,22,207,942,220,1129
2022,Borgo d'Anaunia,10,627,14,347,24,974,84,331,628,299,736,1604
2022,Borgo Lares,1,25,1,82,2,107,10,42,90,518,102,667
2022,Borgo Valsugana,1,19,16,410,17,429,30,147,180,898,227,1474
2022,Brentonico,10,747,21,1905,31,2652,35,123,1708,723,1774,3498
2022,Bresimo,0,0,3,55,3,55,5,35,38,252,46,342
2022,Caderzone Terme,4,188,10,217,14,405,43,179,505,1767,562,2351
2022,Calceranica al Lago,4,125,14,3697,18,3822,65,266,196,818,279,4906
2022,Caldes,2,63,7,117,9,180,9,52,171,784,189,1016
2022,Caldonazzo,6,252,9,1531,15,1783,49,221,290,1233,354,3237
2022,Calliano,1,83,1,22,2,105,5,12,112,491,119,608
2022,Campitello di Fassa0Ciampedel,36,2338,26,1107,62,3445,229,112,445,923,736,4480
2022,Campodenno,0,0,7,80,7,80,5,23,78,506,90,609
2022,Canal San Bovo,4,104,6,82,10,186,97,396,992,3907,1099,4489
2022,Canazei0Ćianacëi,86,4746,79,236,165,7106,378,1803,1059,2788,1602,11697
2022,Capriana,1,76,3,25,4,101,3,14,104,309,111,424
2022,Carisolo,8,392,7,355,15,747,161,697,1033,3838,1209,5282
2022,Carzano,0,0,4,30,4,30,0,0,19,102,23,132
2022,Castel Condino,0,0,3,65,3,65,10,45,66,375,79,485
2022,Castel Ivano,2,89,10,110,12,199,11,49,250,1545,273,1793
2022,Castello Tesino,6,186,9,554,15,740,66,341,704,2692,785,3773
2022,Castello0Molina di Fiemme,6,422,10,139,16,561,69,328,386,1156,471,2045
2022,Castelnuovo,0,0,4,60,4,60,0,0,16,112,20,172
2022,Cavalese,26,1705,19,495,45,22,321,1558,1181,3539,1547,5119
2022,Cavareno,6,289,4,124,10,413,33,146,558,2529,601,3088
2022,Cavedago,4,231,5,79,9,310,47,201,353,1412,409,1923
2022,Cavedine,0,0,7,138,7,138,11,46,134,268,152,452
2022,Cavizzana,0,0,1,7,1,7,2,13,27,123,30,143
2022,Cembra Lisignago,3,119,3,33,6,152,8,32,73,146,87,330
2022,Cimone,0,0,0,0,0,0,1,4,94,230,95,234
2022,Cinte Tesino,0,0,2,58,2,58,8,40,214,1179,224,1277
2022,Cis,0,0,2,20,2,20,1,29,12,74,15,123
2022,Civezzano,0,0,2,14,2,14,4,16,146,826,152,856
2022,Cles,2,87,11,202,13,289,23,83,209,1179,245,1551
2022,Comano Terme,9,672,24,572,33,1244,160,638,522,2319,715,4201
2022,Commezzadura,12,715,11,209,23,924,46,211,419,1977,488,3112
2022,Contà,1,20,3,64,4,84,6,32,57,367,67,483
2022,Croviana,0,0,4,103,4,103,35,190,89,325,128,618
2022,Dambel,0,0,0,0,0,0,1,3,57,420,58,423
2022,Denno,1,42,1,16,2,58,5,20,48,362,55,440
2022,Dimaro Folgarida,40,3577,18,353,58,393,189,829,168,5196,415,6418
2022,Drena,1,37,4,183,5,220,9,42,53,356,67,618
2022,Dro,5,254,16,769,21,1023,36,151,175,709,232,1883
2022,Fai della Paganella,14,759,8,143,22,902,108,492,390,156,520,1550
2022,Fiavè,4,153,4,61,8,214,25,97,201,1117,234,1428
2022,Fierozzo0Vlarötz,1,16,2,49,3,65,4,22,57,247,64,334
2022,Folgaria,42,303,23,1198,65,4228,596,2661,2752,9279,3413,16168
2022,Fornace,0,0,0,0,0,0,1,4,59,405,60,409
2022,Frassilongo0Garait,2,40,3,22,5,62,9,84,64,234,78,380
2022,Garniga Terme,1,63,1,13,2,76,9,29,175,359,186,464
2022,Giovo,2,74,5,42,7,116,7,30,57,114,71,260
2022,Giustino,7,416,7,147,14,563,87,368,784,2594,885,3525
2022,Grigno,1,28,3,73,4,101,1,4,186,988,191,1093
2022,Imer,4,117,6,450,10,567,37,155,139,439,186,1161
2022,Isera,0,0,6,66,6,66,4,18,152,868,162,952
2022,Lavarone,22,1048,13,777,35,1825,158,687,1651,7128,1844,9640
2022,Lavis,4,225,12,224,16,449,6,34,66,204,88,687
2022,Ledro,28,960,47,3829,75,4789,419,1821,1566,6149,2060,12759
2022,Levico Terme,35,3011,27,4665,62,7676,173,699,767,2662,1002,11037
2022,Livo,0,0,1,14,1,14,8,26,53,255,62,295
2022,Lona0Lases,0,0,0,0,0,0,2,10,50,105,52,115
2022,Luserna0Lusérn,0,0,1,24,1,24,4,18,126,652,131,694
2022,Madruzzo,1,50,5,75,6,125,34,137,204,408,244,670
2022,Malé,7,527,10,110,17,637,53,240,384,1831,454,2708
2022,Massimeno,0,0,2,30,2,30,47,223,133,523,182,776
2022,Mazzin0Mazin,11,729,10,300,21,1029,137,594,960,3006,1118,4629
2022,Mezzana,14,196,14,229,28,425,393,1762,1409,2408,1830,4595
2022,Mezzano,4,161,6,156,10,317,91,389,156,527,257,1233
2022,Mezzocorona,4,173,12,135,16,308,1,3,26,81,43,392
2022,Mezzolombardo,1,25,10,74,11,99,6,16,8,24,25,139
2022,Moena0Moena,54,3286,12,250,66,3536,390,1839,1087,4412,1543,9787
2022,Molveno,37,2388,16,977,53,3365,289,1268,357,1219,699,5852
2022,Mori,1,19,14,232,15,251,19,78,275,1518,309,1847
2022,Nago0Torbole,50,3059,44,1878,94,4937,204,806,362,1065,660,6808
2022,Nogaredo,0,0,2,31,2,31,3,17,85,570,90,618
2022,Nomi,0,0,0,0,0,0,0,0,39,284,39,284
2022,Novaledo,0,0,0,0,0,0,3,10,49,369,52,379
2022,Novella,3,105,18,311,21,416,43,198,95,546,159,1160
2022,Ospedaletto,0,0,2,6,2,6,0,0,42,303,44,309
2022,Ossana,5,252,8,1021,13,1273,25,116,702,2777,740,4166
2022,Palù del Fersina0Palai en Bersntol,1,24,1,24,2,48,12,66,86,307,100,421
2022,Panchià,6,327,1,6,7,333,21,91,207,621,235,1045
2022,Peio,25,1489,15,962,40,2451,152,675,1109,3559,1301,6685
2022,Pellizzano,3,155,8,205,11,360,38,180,492,2461,541,3001
2022,Pelugo,0,0,2,138,2,138,16,65,118,506,136,709
2022,Pergine Valsugana,10,483,17,1296,27,1779,85,333,642,28,754,2140
2022,Pieve di Bono0Prezzo,2,41,3,114,5,155,9,39,212,1031,226,1225
2022,Pieve Tesino,1,16,20,1544,21,156,23,156,469,2587,513,2899
2022,Pinzolo,92,6298,42,1791,134,8089,870,3783,2555,7567,3559,19439
2022,Pomarolo,0,0,1,54,1,54,5,20,78,458,84,532
2022,Porte di Rendena,2,81,4,443,6,524,16,73,598,2783,620,3380
2022,Predaia,6,373,29,678,35,1051,150,598,1002,5187,1187,6836
2022,Predazzo,22,1639,19,1943,41,3582,272,122,1462,4388,1775,8092
2022,Primiero San Martino di Castrozza,72,4765,36,1747,108,6512,674,2775,135,4653,917,13940
2022,Rabbi,4,204,25,629,29,833,69,327,547,2462,645,3622
2022,Riva del Garda,74,6182,103,3973,177,10155,471,1855,1015,2995,1663,15005
2022,Romeno,4,152,7,142,11,294,21,86,391,2257,423,2637
2022,Roncegno Terme,6,369,7,134,13,503,38,165,168,705,219,1373
2022,Ronchi Valsugana,1,20,0,0,1,20,10,43,131,523,142,586
2022,Ronzo0Chienis,2,60,3,31,5,91,15,57,203,1313,223,1461
2022,Ronzone,4,184,3,45,7,229,12,63,463,1995,482,2287
2022,Roverè della Luna,1,24,3,19,4,43,0,0,35,92,39,135
2022,Rovereto,6,499,37,754,43,1253,54,177,709,2578,806,4008
2022,Ruffrè0Mendola,2,68,3,171,5,239,28,114,473,1791,506,2144
2022,Rumo,2,110,5,74,7,184,24,100,252,1384,283,1668
2022,Sagron Mis,1,43,3,52,4,95,9,36,89,363,102,494
2022,Samone,1,25,0,0,1,25,3,11,58,329,62,365
2022,San Giovanni di Fassa0Sen Jan,78,4674,74,3592,152,8266,558,257,1374,5669,2084,14192
2022,San Lorenzo Dorsino,9,501,13,416,22,917,34,155,404,2133,460,3205
2022,San Michele all'Adige,2,71,8,98,10,169,0,0,45,111,55,280
2022,Sant'Orsola Terme,1,68,6,68,7,136,26,100,90,380,123,616
2022,Sanzeno,1,39,2,22,3,61,4,16,41,221,48,298
2022,Sarnonico,5,334,2,470,7,804,14,47,220,1046,241,1897
2022,Scurelle,1,20,10,177,11,197,3,13,92,450,106,660
2022,Segonzano,1,75,7,164,8,239,6,39,177,552,191,830
2022,Sella Giudicarie,10,520,3,90,13,610,43,165,613,2372,669,3147
2022,Sfruz,1,25,3,86,4,111,14,63,232,1179,250,1353
2022,Soraga di Fassa0Soraga,18,956,6,98,24,1054,132,578,181,637,337,2269
2022,Sover,1,48,2,40,3,88,10,45,156,307,169,440
2022,Spiazzo,4,108,7,270,11,378,29,124,770,3047,810,3549
2022,Spormaggiore,3,58,6,80,9,138,18,86,71,220,98,444
2022,Sporminore,2,39,3,29,5,68,0,0,29,185,34,253
2022,Stenico,3,365,12,419,15,784,27,114,390,2666,432,3564
2022,Storo,2,101,2,25,4,126,7,26,178,993,189,1145
2022,Strembo,2,48,3,69,5,117,6,20,319,1471,330,1608
2022,Telve,2,58,12,328,14,386,13,67,218,838,245,1291
2022,Telve di Sopra,0,0,0,0,0,0,8,25,56,218,64,243
2022,Tenna,3,153,2,19,5,172,36,136,81,369,122,677
2022,Tenno,8,330,19,547,27,877,79,362,287,1191,393,2430
2022,Terragnolo,0,0,0,0,0,0,2,8,313,954,315,962
2022,Terre d'Adige,0,0,5,42,5,42,1,8,40,88,46,138
2022,Terzolas,1,93,2,42,3,135,6,24,80,380,89,539
2022,Tesero,12,1037,17,563,29,16,102,470,523,1566,654,2052
2022,Tione di Trento,3,55,6,49,9,104,23,101,345,1633,377,1838
2022,Ton,0,0,5,49,5,49,10,44,77,379,92,472
2022,Torcegno,1,46,3,279,4,325,5,30,127,635,136,990
2022,Trambileno,0,0,1,85,1,85,0,0,180,1201,181,1286
2022,Tre Ville,12,746,10,481,22,1227,93,388,1002,2809,1117,4424
2022,Trento,35,3665,138,2551,173,6216,320,1135,128,369,621,7720
2022,Valdaone,4,81,26,639,30,720,8,34,89,533,127,1287
2022,Valfloriana,0,0,4,63,4,63,9,43,102,304,115,410
2022,Vallarsa,5,143,2,12,7,155,0,0,625,2596,632,2751
2022,Vallelaghi,6,206,7,640,13,846,29,116,134,340,176,1302
2022,Vermiglio,28,2062,21,960,49,3022,117,541,1269,3151,1435,6714
2022,Vignola0Falesina,3,109,2,17,5,126,4,19,141,489,150,634
2022,Villa Lagarina,1,23,8,215,9,238,3,9,393,1898,405,2145
2022,Ville d'Anaunia,4,94,14,187,18,281,35,135,227,1492,280,1908
2022,Ville di Fiemme,12,766,20,827,32,1593,167,749,1406,4213,1605,6555
2022,Volano,0,0,0,0,0,0,1,5,107,545,108,550
2022,Ziano di Fiemme,8,566,6,53,14,619,85,383,549,1642,648,2644
2022,Provincia,142,90459,1853,77267,3273,167726,12126,52544,64943,248456,80342,468726
2023,Ala,5,146,15,688,20,834,12,58,203,907,235,1799
2023,Albiano,0,0,0,0,0,0,2,6,32,71,34,77
2023,Aldeno,0,0,1,5,1,5,0,0,49,119,50,124
2023,Altavalle,0,0,7,96,7,96,26,108,90,262,123,466
2023,Altopiano della Vigolana,6,278,11,156,17,434,71,280,404,1929,492,2643
2023,Amblar0Don,1,25,4,52,5,77,34,152,196,928,235,1157
2023,Andalo,61,4651,15,561,76,5212,369,1592,629,2516,1074,9320
2023,Arco,20,1371,115,6061,135,7432,392,1539,849,2848,1376,11819
2023,Avio,1,25,6,172,7,197,6,26,114,688,127,911
2023,Baselga di Pinè,14,674,14,655,28,1329,303,1161,1002,3324,1333,5814
2023,Bedollo,4,250,8,587,12,837,50,202,213,854,275,1893
2023,Besenello,1,19,2,10,3,29,9,27,108,642,120,698
2023,Bieno,1,25,1,6,2,31,2,16,264,1294,268,1341
2023,Bleggio Superiore,1,18,10,198,11,216,24,92,442,2085,477,2393
2023,Bocenago,1,30,1,4,2,34,33,131,411,1512,446,1677
2023,Bondone,1,19,2,244,3,263,4,21,96,368,103,652
2023,Borgo Chiese,3,101,4,64,7,165,6,22,207,942,220,1129
2023,Borgo d'Anaunia,10,650,15,365,25,1015,85,331,628,299,738,1645
2023,Borgo Lares,1,25,1,82,2,107,10,42,90,518,102,667
2023,Borgo Valsugana,1,19,19,494,20,513,32,169,180,898,232,1580
2023,Brentonico,10,747,23,2143,33,289,43,160,1708,723,1784,1172
2023,Bresimo,1,41,3,49,4,90,6,39,38,252,48,381
2023,Caderzone Terme,4,188,9,211,13,399,53,229,505,1767,571,2395
2023,Calceranica al Lago,4,125,14,3767,18,3892,70,287,196,818,284,4997
2023,Caldes,2,63,7,117,9,180,15,90,171,784,195,1054
2023,Caldonazzo,6,252,10,1627,16,1879,55,240,290,1233,361,3352
2023,Calliano,1,83,1,22,2,105,5,12,112,491,119,608
2023,Campitello di Fassa0Ciampedel,35,2329,30,1124,65,3453,241,1175,445,923,751,5551
2023,Campodenno,0,0,6,72,6,72,6,37,78,506,90,615
2023,Canal San Bovo,4,104,6,88,10,192,95,396,992,3907,1097,4495
2023,Canazei0Ćianacëi,86,4754,83,2405,169,7159,391,1864,1059,2788,1619,11811
2023,Capriana,1,76,3,25,4,101,5,26,104,309,113,436
2023,Carisolo,9,408,7,363,16,771,175,749,1033,3838,1224,5358
2023,Carzano,0,0,4,30,4,30,0,0,19,102,23,132
2023,Castel Condino,0,0,1,8,1,8,10,45,66,375,77,428
2023,Castel Ivano,2,89,10,98,12,187,15,64,250,1545,277,1796
2023,Castello Tesino,6,186,10,632,16,818,69,350,704,2692,789,3860
2023,Castello0Molina di Fiemme,6,422,12,152,18,574,77,370,386,1156,481,2100
2023,Castelnuovo,0,0,4,60,4,60,0,0,16,112,20,172
2023,Cavalese,27,1797,21,595,48,2392,343,1674,1181,3539,1572,7605
2023,Cavareno,6,289,5,142,11,431,46,209,558,2529,615,3169
2023,Cavedago,4,231,6,85,10,316,47,198,353,1412,410,1926
2023,Cavedine,0,0,7,208,7,208,12,52,134,268,153,528
2023,Cavizzana,0,0,1,7,1,7,2,13,27,123,30,143
2023,Cembra Lisignago,3,119,4,47,7,166,5,20,73,146,85,332
2023,Cimone,0,0,0,0,0,0,1,4,94,230,95,234
2023,Cinte Tesino,0,0,2,58,2,58,8,46,214,1179,224,1283
2023,Cis,0,0,2,20,2,20,1,29,12,74,15,123
2023,Civezzano,0,0,2,14,2,14,7,32,146,826,155,872
2023,Cles,2,87,12,183,14,270,31,106,209,1179,254,1555
2023,Comano Terme,8,625,23,527,31,1152,167,664,522,2319,720,4135
2023,Commezzadura,12,715,12,214,24,929,49,233,419,1977,492,3139
2023,Contà,1,20,3,64,4,84,11,49,57,367,72,500
2023,Croviana,0,0,4,103,4,103,36,200,89,325,129,628
2023,Dambel,0,0,0,0,0,0,1,3,57,420,58,423
2023,Denno,1,42,1,16,2,58,5,20,48,362,55,440
2023,Dimaro Folgarida,40,3414,18,352,58,3766,217,979,168,5196,443,9941
2023,Drena,1,37,4,183,5,220,11,52,53,356,69,628
2023,Dro,5,254,15,987,20,1241,32,129,175,709,227,2079
2023,Fai della Paganella,14,759,9,146,23,905,110,504,390,156,523,1565
2023,Fiavè,4,153,7,189,11,342,23,92,201,1117,235,1551
2023,Fierozzo0Vlarötz,1,16,1,9,2,25,6,33,57,247,65,305
2023,Folgaria,45,3115,24,1574,69,4689,626,2788,2752,9279,3447,16756
2023,Fornace,1,11,0,0,1,11,1,4,59,405,61,420
2023,Frassilongo0Garait,2,40,3,22,5,62,10,90,64,234,79,386
2023,Garniga Terme,1,63,1,13,2,76,6,21,175,359,183,456
2023,Giovo,1,52,6,45,7,97,6,26,57,114,70,237
2023,Giustino,7,416,7,147,14,563,88,366,784,2594,886,3523
2023,Grigno,2,50,3,73,5,123,1,4,186,988,192,1115
2023,Imer,4,117,7,454,11,571,32,133,139,439,182,1143
2023,Isera,0,0,6,66,6,66,4,18,152,868,162,952
2023,Lavarone,22,1068,13,799,35,1867,172,750,1651,7128,1858,9745
2023,Lavis,4,225,12,224,16,449,10,50,66,204,92,703
2023,Ledro,29,975,51,406,80,5035,378,1639,1566,6149,2024,12823
2023,Levico Terme,33,2835,27,4701,60,7536,206,823,767,2662,1033,11021
2023,Livo,0,0,2,23,2,23,8,26,53,255,63,304
2023,Lona0Lases,1,24,0,0,1,24,3,13,50,105,54,142
2023,Luserna0Lusérn,0,0,1,24,1,24,6,27,126,652,133,703
2023,Madruzzo,1,50,5,61,6,111,36,150,204,408,246,669
2023,Malé,6,502,11,121,17,623,61,273,384,1831,462,2727
2023,Massimeno,0,0,2,30,2,30,49,231,133,523,184,784
2023,Mazzin0Mazin,11,729,10,300,21,1029,161,708,960,3006,1142,4743
2023,Mezzana,14,1951,16,2465,30,4416,386,1742,1409,2408,1825,8566
2023,Mezzano,4,161,6,156,10,317,95,407,156,527,261,1251
2023,Mezzocorona,4,173,12,131,16,304,2,7,26,81,44,392
2023,Mezzolombardo,1,25,10,78,11,103,10,33,8,24,29,160
2023,Moena0Moena,54,3302,12,258,66,356,406,1892,1087,4412,1559,6660
2023,Molveno,38,2412,17,1017,55,3429,300,1314,357,1219,712,5962
2023,Mori,1,19,13,281,14,300,19,77,275,1518,308,1895
2023,Nago0Torbole,49,3027,45,199,94,5017,230,914,362,1065,686,6996
2023,Nogaredo,0,0,2,31,2,31,4,20,85,570,91,621
2023,Nomi,0,0,0,0,0,0,0,0,39,284,39,284
2023,Novaledo,0,0,0,0,0,0,4,15,49,369,53,384
2023,Novella,3,105,21,322,24,427,44,202,95,546,163,1175
2023,Ospedaletto,0,0,2,6,2,6,1,4,42,303,45,313
2023,Ossana,5,252,7,1015,12,1267,37,180,702,2777,751,4224
2023,Palù del Fersina0Palai en Bersntol,1,24,1,24,2,48,16,82,86,307,104,437
2023,Panchià,6,327,1,6,7,333,25,109,207,621,239,1063
2023,Peio,25,1489,16,972,41,2461,166,737,1109,3559,1316,6757
2023,Pellizzano,3,155,9,265,12,420,43,209,492,2461,547,3090
2023,Pelugo,0,0,2,138,2,138,16,64,118,506,136,708
2023,Pergine Valsugana,11,518,18,14,29,1918,110,425,642,28,781,2371
2023,Pieve di Bono0Prezzo,3,58,9,368,12,426,8,31,212,1031,232,1488
2023,Pieve Tesino,1,16,22,1654,23,167,23,152,469,2587,515,2906
2023,Pinzolo,92,63,46,1991,138,8291,929,4027,2555,7567,3622,19885
2023,Pomarolo,0,0,1,54,1,54,7,26,78,458,86,538
2023,Porte di Rendena,3,100,4,443,7,543,21,106,598,2783,626,3432
2023,Predaia,6,373,28,696,34,1069,162,663,1002,5187,1198,6919
2023,Predazzo,22,1631,19,1939,41,357,298,1329,1462,4388,1801,6074
2023,Primiero San Martino di Castrozza,74,4939,36,1747,110,6686,723,2986,135,4653,968,14325
2023,Rabbi,4,204,25,624,29,828,79,382,547,2462,655,3672
2023,Riva del Garda,72,6101,102,4025,174,10126,544,2151,1015,2995,1733,15272
2023,Romeno,4,152,7,142,11,294,22,93,391,2257,424,2644
2023,Roncegno Terme,6,360,7,204,13,564,40,174,168,705,221,1443
2023,Ronchi Valsugana,1,20,0,0,1,20,11,46,131,523,143,589
2023,Ronzo0Chienis,2,60,3,34,5,94,21,81,203,1313,229,1488
2023,Ronzone,5,246,4,69,9,315,12,62,463,1995,484,2372
2023,Roverè della Luna,1,24,3,19,4,43,1,4,35,92,40,139
2023,Rovereto,6,499,35,747,41,1246,71,253,709,2578,821,4077
2023,Ruffrè0Mendola,2,68,3,171,5,239,33,134,473,1791,511,2164
2023,Rumo,3,135,6,150,9,285,24,104,252,1384,285,1773
2023,Sagron Mis,1,43,4,91,5,134,7,29,89,363,101,526
2023,Samone,1,25,0,0,1,25,1,6,58,329,60,360
2023,San Giovanni di Fassa0Sen Jan,79,4737,76,3628,155,8365,581,2737,1374,5669,2110,16771
2023,San Lorenzo Dorsino,9,511,15,433,24,944,38,170,404,2133,466,3247
2023,San Michele all'Adige,2,71,6,82,8,153,3,17,45,111,56,281
2023,Sant'Orsola Terme,1,68,5,61,6,129,28,106,90,380,124,615
2023,Sanzeno,1,39,2,22,3,61,4,16,41,221,48,298
2023,Sarnonico,5,334,2,470,7,804,13,48,220,1046,240,1898
2023,Scurelle,1,20,11,235,12,255,3,13,92,450,107,718
2023,Segonzano,1,75,7,164,8,239,7,43,177,552,192,834
2023,Sella Giudicarie,7,392,9,329,16,721,51,217,613,2372,680,3310
2023,Sfruz,1,25,3,86,4,111,14,64,232,1179,250,1354
2023,Soraga di Fassa0Soraga,19,1002,6,98,25,11,136,602,181,637,342,1250
2023,Sover,1,48,2,34,3,82,10,47,156,307,169,436
2023,Spiazzo,4,108,7,274,11,382,29,126,770,3047,810,3555
2023,Spormaggiore,3,58,5,67,8,125,18,88,71,220,97,433
2023,Sporminore,1,25,2,25,3,50,0,0,29,185,32,235
2023,Stenico,3,365,11,375,14,740,31,143,390,2666,435,3549
2023,Storo,2,101,2,25,4,126,8,30,178,993,190,1149
2023,Strembo,2,48,3,69,5,117,8,30,319,1471,332,1618
2023,Telve,2,58,13,256,15,314,14,73,218,838,247,1225
2023,Telve di Sopra,0,0,0,0,0,0,8,25,56,218,64,243
2023,Tenna,3,153,2,19,5,172,32,132,81,369,118,673
2023,Tenno,8,330,20,550,28,880,87,378,287,1191,402,2449
2023,Terragnolo,0,0,1,20,1,20,2,8,313,954,316,982
2023,Terre d'Adige,0,0,7,52,7,52,1,8,40,88,48,148
2023,Terzolas,1,93,2,42,3,135,9,34,80,380,92,549
2023,Tesero,12,1037,21,667,33,1704,119,565,523,1566,675,3835
2023,Tione di Trento,3,55,4,38,7,93,31,135,345,1633,383,1861
2023,Ton,0,0,5,49,5,49,11,50,77,379,93,478
2023,Torcegno,1,46,3,279,4,325,6,35,127,635,137,995
2023,Trambileno,0,0,2,89,2,89,2,10,180,1201,184,1300
2023,Tre Ville,12,746,9,474,21,122,107,461,1002,2809,1130,3392
2023,Trento,36,3686,143,2709,179,6395,409,1457,128,369,716,8221
2023,Valdaone,4,81,28,969,32,105,9,40,89,533,130,678
2023,Valfloriana,0,0,3,50,3,50,8,38,102,304,113,392
2023,Vallarsa,5,143,3,14,8,157,1,2,625,2596,634,2755
2023,Vallelaghi,6,206,9,826,15,1032,31,124,134,340,180,1496
2023,Vermiglio,28,2041,24,1106,52,3147,137,630,1269,3151,1458,6928
2023,Vignola0Falesina,3,109,2,17,5,126,9,36,141,489,155,651
2023,Villa Lagarina,1,23,9,226,10,249,4,12,393,1898,407,2159
2023,Ville d'Anaunia,4,94,16,218,20,312,43,177,227,1492,290,1981
2023,Ville di Fiemme,12,766,19,823,31,1589,182,825,1406,4213,1619,6627
2023,Volano,0,0,0,0,0,0,3,14,107,545,110,559
2023,Ziano di Fiemme,8,558,6,53,14,611,86,389,549,1642,649,2642
2023,Provincia,1427,90569,1943,82125,337,172694,1312,57016,64943,248456,66592,478166
