,comune,anno,valore,valore_letti,lat,lon
0,ALA,2019,0.7978723404255319,0.288135593220339,NaN,NaN
1,ALA,2020,0.78125,0.2943722943722944,NaN,NaN
2,ALA,2021,0.7978723404255319,0.3057553956834532,NaN,NaN
3,ALA,2022,0.39285714285714285,0.06168446026097272,NaN,NaN
4,ALA,2023,0.375,0.06502242152466367,NaN,NaN
5,ALBIANO,2019,1.0,1.0,NaN,NaN
6,ALBIANO,2020,1.0,1.0,NaN,NaN
7,ALBIANO,2021,1.0,1.0,NaN,NaN
8,ALBIANO,2022,1.0,1.0,NaN,NaN
9,ALBIANO,2023,1.0,1.0,NaN,NaN
10,ALDENO,2019,0.0,0.0,NaN,NaN
11,ALDENO,2020,0.0,0.0,NaN,NaN
12,ALDENO,2021,0.0,0.0,NaN,NaN
13,ALDENO,2022,0.5,0.2857142857142857,NaN,NaN
14,ALDENO,2023,0.0,0.0,NaN,NaN
15,ALTAVALLE,2019,0.78125,0.5175879396984925,NaN,NaN
16,ALTAVALLE,2020,0.78125,0.5175879396984925,NaN,NaN
17,ALTAVALLE,2021,0.78125,0.5175879396984925,NaN,NaN
18,ALTAVALLE,2022,0.7586206896551724,0.4810810810810811,NaN,NaN
19,ALTAVALLE,2023,0.7878787878787878,0.5294117647058824,NaN,NaN
20,ALTOPIANO DELLA VIGOLANA,2019,0.9201680672268907,0.6049661399548533,NaN,NaN
21,ALTOPIANO DELLA VIGOLANA,2020,0.9163179916317992,0.6132723112128147,NaN,NaN
22,ALTOPIANO DELLA VIGOLANA,2021,0.9163179916317992,0.6,NaN,NaN
23,ALTOPIANO DELLA VIGOLANA,2022,0.759493670886076,0.3201634877384196,NaN,NaN
24,ALTOPIANO DELLA VIGOLANA,2023,0.8068181818181818,0.39215686274509803,NaN,NaN
25,AMBLAR-DON,2019,0.8888888888888888,0.603448275862069,NaN,NaN
26,AMBLAR-DON,2020,0.9056603773584906,0.7317073170731707,NaN,NaN
27,AMBLAR-DON,2021,0.9230769230769231,0.8015267175572519,NaN,NaN
28,AMBLAR-DON,2022,0.8780487804878049,0.673728813559322,NaN,NaN
29,AMBLAR-DON,2023,0.8717948717948718,0.6637554585152838,NaN,NaN
30,ANDALO,2019,0.8625235404896422,0.25356371490280777,46.1661363,11.003402
31,ANDALO,2020,0.8625235404896422,0.2532355478861087,46.1661363,11.003402
32,ANDALO,2021,0.8625235404896422,0.2532355478861087,46.1661363,11.003402
33,ANDALO,2022,0.8179611650485437,0.2215559886074052,46.1661363,11.003402
34,ANDALO,2023,0.8292134831460675,0.23398001175778954,46.1661363,11.003402
35,ARCO,2019,0.6614583333333334,0.12331453787693063,NaN,NaN
36,ARCO,2020,0.6867469879518072,0.1425840978593272,NaN,NaN
37,ARCO,2021,0.6737400530503979,0.1294390118373649,NaN,NaN
38,ARCO,2022,0.7352941176470589,0.16391652511526328,NaN,NaN
39,ARCO,2023,0.7438330170777988,0.1715527811838145,NaN,NaN
40,AVIO,2019,0.1111111111111111,0.01904761904761905,NaN,NaN
41,AVIO,2020,0.1,0.015810276679841896,NaN,NaN
42,AVIO,2021,0.1,0.015810276679841896,NaN,NaN
43,AVIO,2022,0.4166666666666667,0.1004566210045662,NaN,NaN
44,AVIO,2023,0.46153846153846156,0.11659192825112108,NaN,NaN
45,BASELGA DI PINÈ,2019,0.9521367521367521,0.6246865422123155,NaN,NaN
46,BASELGA DI PINÈ,2020,0.9537671232876712,0.6407545012860817,NaN,NaN
47,BASELGA DI PINÈ,2021,0.9537671232876712,0.644808743169399,NaN,NaN
48,BASELGA DI PINÈ,2022,0.9122257053291536,0.45544147843942506,NaN,NaN
49,BASELGA DI PINÈ,2023,0.9154078549848943,0.46626506024096387,NaN,NaN
50,BEDOLLO,2019,0.8888888888888888,0.36246200607902734,NaN,NaN
51,BEDOLLO,2020,0.898876404494382,0.36412213740458016,NaN,NaN
52,BEDOLLO,2021,0.898876404494382,0.36412213740458016,NaN,NaN
53,BEDOLLO,2022,0.8275862068965517,0.1881091617933723,NaN,NaN
54,BEDOLLO,2023,0.8064516129032258,0.1944177093358999,NaN,NaN
55,BESENELLO,2019,0.0,0.0,NaN,NaN
56,BESENELLO,2020,0.0,0.0,NaN,NaN
57,BESENELLO,2021,0.0,0.0,NaN,NaN
58,BESENELLO,2022,0.8,0.46,NaN,NaN
59,BESENELLO,2023,0.75,0.48214285714285715,NaN,NaN
60,BIENO,2019,0.9552238805970149,0.749613601236476,NaN,NaN
61,BIENO,2020,0.9696969696969697,0.8676207513416816,NaN,NaN
62,BIENO,2021,0.9624060150375939,0.685997171145686,NaN,NaN
63,BIENO,2022,0.4,0.14545454545454545,NaN,NaN
64,BIENO,2023,0.5,0.3404255319148936,NaN,NaN
65,BLEGGIO SUPERIORE,2019,0.7777777777777778,0.5316455696202531,NaN,NaN
66,BLEGGIO SUPERIORE,2020,0.7924528301886793,0.5508196721311476,NaN,NaN
67,BLEGGIO SUPERIORE,2021,0.7924528301886793,0.5733788395904437,NaN,NaN
68,BLEGGIO SUPERIORE,2022,0.6764705882352942,0.4019138755980861,NaN,NaN
69,BLEGGIO SUPERIORE,2023,0.6857142857142857,0.2987012987012987,NaN,NaN
70,BOCENAGO,2019,0.9746835443037974,0.7738693467336684,NaN,NaN
71,BOCENAGO,2020,0.9746835443037974,0.9005847953216374,NaN,NaN
72,BOCENAGO,2021,0.9746835443037974,0.9005847953216374,NaN,NaN
73,BOCENAGO,2022,0.9354838709677419,0.7702702702702703,NaN,NaN
74,BOCENAGO,2023,0.9428571428571428,0.793939393939394,NaN,NaN
75,BONDONE,2019,0.7272727272727273,0.10101010101010101,NaN,NaN
76,BONDONE,2020,0.7272727272727273,0.10101010101010101,NaN,NaN
77,BONDONE,2021,0.6666666666666666,0.0967741935483871,NaN,NaN
78,BONDONE,2022,0.6666666666666666,0.09310344827586207,NaN,NaN
79,BONDONE,2023,0.5714285714285714,0.07394366197183098,NaN,NaN
80,BORGO CHIESE,2019,0.8363636363636363,0.5589519650655022,NaN,NaN
81,BORGO CHIESE,2020,0.8363636363636363,0.5589519650655022,NaN,NaN
82,BORGO CHIESE,2021,0.8363636363636363,0.5638766519823789,NaN,NaN
83,BORGO CHIESE,2022,0.46153846153846156,0.11764705882352941,NaN,NaN
84,BORGO CHIESE,2023,0.46153846153846156,0.11764705882352941,NaN,NaN
85,BORGO LARES,2019,0.9565217391304348,0.6123188405797102,NaN,NaN
86,BORGO LARES,2020,0.9565217391304348,0.6123188405797102,NaN,NaN
87,BORGO LARES,2021,0.9565217391304348,0.6123188405797102,NaN,NaN
88,BORGO LARES,2022,0.8333333333333334,0.28187919463087246,NaN,NaN
89,BORGO LARES,2023,0.8333333333333334,0.28187919463087246,NaN,NaN
90,BORGO VALSUGANA,2019,0.22727272727272727,0.06108202443280977,NaN,NaN
91,BORGO VALSUGANA,2020,0.23809523809523808,0.0684931506849315,NaN,NaN
92,BORGO VALSUGANA,2021,0.25,0.09433962264150944,NaN,NaN
93,BORGO VALSUGANA,2022,0.6382978723404256,0.2552083333333333,NaN,NaN
94,BORGO VALSUGANA,2023,0.6153846153846154,0.24780058651026393,NaN,NaN
95,BRENTONICO,2019,0.9482071713147411,0.4589592858698019,NaN,NaN
96,BRENTONICO,2020,0.9463220675944334,0.8970212765957447,NaN,NaN
97,BRENTONICO,2021,0.9388560157790927,0.4437894736842105,NaN,NaN
98,BRENTONICO,2022,0.5303030303030303,0.04432432432432432,NaN,NaN
99,BRENTONICO,2023,0.5657894736842105,0.35634743875278396,NaN,NaN
100,BRESIMO,2019,0.8181818181818182,0.543859649122807,NaN,NaN
101,BRESIMO,2020,0.8181818181818182,0.543859649122807,NaN,NaN
102,BRESIMO,2021,0.8181818181818182,0.543859649122807,NaN,NaN
103,BRESIMO,2022,0.625,0.3888888888888889,NaN,NaN
104,BRESIMO,2023,0.6,0.3023255813953488,NaN,NaN
105,BREZ,2019,0.5652173913043478,0.287292817679558,NaN,NaN
106,BREZ,2020,0.0,0.0,NaN,NaN
107,BREZ,2021,0.0,0.0,NaN,NaN
108,BREZ,2022,0.0,0.0,NaN,NaN
109,BREZ,2023,0.0,0.0,NaN,NaN
110,CADERZONE TERME,2019,0.9281045751633987,0.681592039800995,NaN,NaN
111,CADERZONE TERME,2020,0.9281045751633987,0.681592039800995,NaN,NaN
112,CADERZONE TERME,2021,0.9281045751633987,0.681592039800995,NaN,NaN
113,CADERZONE TERME,2022,0.7543859649122807,0.3065068493150685,NaN,NaN
114,CADERZONE TERME,2023,0.803030303030303,0.3646496815286624,NaN,NaN
115,CAGNÒ,2019,0.3333333333333333,0.1095890410958904,NaN,NaN
116,CAGNÒ,2020,0.0,0.0,NaN,NaN
117,CAGNÒ,2021,0.0,0.0,NaN,NaN
118,CAGNÒ,2022,0.0,0.0,NaN,NaN
119,CAGNÒ,2023,0.0,0.0,NaN,NaN
120,CALCERANICA AL LAGO,2019,0.8896103896103896,0.9366666666666666,NaN,NaN
121,CALCERANICA AL LAGO,2020,0.8954248366013072,0.12878093492208983,NaN,NaN
122,CALCERANICA AL LAGO,2021,0.9013157894736842,0.12898783566674318,NaN,NaN
123,CALCERANICA AL LAGO,2022,0.7831325301204819,0.06506849315068493,NaN,NaN
124,CALCERANICA AL LAGO,2023,0.7954545454545454,0.06867671691792294,NaN,NaN
125,CALDES,2019,0.7631578947368421,0.3784722222222222,NaN,NaN
126,CALDES,2020,0.7837837837837838,0.38380281690140844,NaN,NaN
127,CALDES,2021,0.7631578947368421,0.3771626297577855,NaN,NaN
128,CALDES,2022,0.5,0.22413793103448276,NaN,NaN
129,CALDES,2023,0.625,0.3333333333333333,NaN,NaN
130,CALDONAZZO,2019,0.9090909090909091,0.23163841807909605,NaN,NaN
131,CALDONAZZO,2020,0.9150326797385621,0.23305640577175338,NaN,NaN
132,CALDONAZZO,2021,0.9150326797385621,0.23305640577175338,NaN,NaN
133,CALDONAZZO,2022,0.765625,0.11027944111776447,NaN,NaN
134,CALDONAZZO,2023,0.7746478873239436,0.11326097215667767,NaN,NaN
135,CALLIANO,2019,0.0,0.0,NaN,NaN
136,CALLIANO,2020,0.0,0.0,NaN,NaN
137,CALLIANO,2021,0.0,0.0,NaN,NaN
138,CALLIANO,2022,0.7142857142857143,0.10256410256410256,NaN,NaN
139,CALLIANO,2023,0.7142857142857143,0.10256410256410256,NaN,NaN
140,CAMPITELLO DI FASSA-CIAMPEDEL,2019,0.7987421383647799,0.03140633685380767,NaN,NaN
141,CAMPITELLO DI FASSA-CIAMPEDEL,2020,0.8012618296529969,0.031795160382667415,NaN,NaN
142,CAMPITELLO DI FASSA-CIAMPEDEL,2021,0.8063492063492064,0.03202947845804989,NaN,NaN
143,CAMPITELLO DI FASSA-CIAMPEDEL,2022,0.7869415807560137,0.031487208321619345,NaN,NaN
144,CAMPITELLO DI FASSA-CIAMPEDEL,2023,0.7875816993464052,0.2538893690579084,NaN,NaN
145,CAMPODENNO,2019,0.0,0.0,NaN,NaN
146,CAMPODENNO,2020,0.2857142857142857,0.22950819672131148,NaN,NaN
147,CAMPODENNO,2021,0.25,0.16279069767441862,NaN,NaN
148,CAMPODENNO,2022,0.4166666666666667,0.22330097087378642,NaN,NaN
149,CAMPODENNO,2023,0.5,0.3394495412844037,NaN,NaN
150,CANAL SAN BOVO,2019,0.9523809523809523,0.7888015717092338,NaN,NaN
151,CANAL SAN BOVO,2020,0.9523809523809523,0.8119312436804853,NaN,NaN
152,CANAL SAN BOVO,2021,0.9523809523809523,0.8119312436804853,NaN,NaN
153,CANAL SAN BOVO,2022,0.9065420560747663,0.6804123711340206,NaN,NaN
154,CANAL SAN BOVO,2023,0.9047619047619048,0.673469387755102,NaN,NaN
155,CANAZEI-ĆIANACËI,2019,0.7492163009404389,0.23471038722899365,NaN,NaN
156,CANAZEI-ĆIANACËI,2020,0.7445482866043613,0.23729552889858233,NaN,NaN
157,CANAZEI-ĆIANACËI,2021,0.7410852713178294,0.23420514476374987,NaN,NaN
158,CANAZEI-ĆIANACËI,2022,0.6961325966850829,0.20237961611853184,NaN,NaN
159,CANAZEI-ĆIANACËI,2023,0.6982142857142857,0.20658317632716391,NaN,NaN
160,CAPRIANA,2019,0.9705882352941176,0.7368421052631579,NaN,NaN
161,CAPRIANA,2020,0.9565217391304348,0.7241379310344828,NaN,NaN
162,CAPRIANA,2021,0.9428571428571428,0.7138810198300283,NaN,NaN
163,CAPRIANA,2022,0.42857142857142855,0.12173913043478261,NaN,NaN
164,CAPRIANA,2023,0.5555555555555556,0.2047244094488189,NaN,NaN
165,CARANO,2019,0.9230769230769231,0.41029900332225916,NaN,NaN
166,CARANO,2020,0.0,0.0,NaN,NaN
167,CARANO,2021,0.0,0.0,NaN,NaN
168,CARANO,2022,0.0,0.0,NaN,NaN
169,CARANO,2023,0.0,0.0,NaN,NaN
170,CARISOLO,2019,0.9668874172185431,0.21115537848605578,NaN,NaN
171,CARISOLO,2020,0.9647577092511013,0.20248328557784145,NaN,NaN
172,CARISOLO,2021,0.9668874172185431,0.20267686424474188,NaN,NaN
173,CARISOLO,2022,0.9147727272727273,0.4826869806094183,NaN,NaN
174,CARISOLO,2023,0.9162303664921466,0.49276315789473685,NaN,NaN
175,CARZANO,2019,0.25,0.15384615384615385,NaN,NaN
176,CARZANO,2020,0.25,0.15384615384615385,NaN,NaN
177,CARZANO,2021,0.2,0.11764705882352941,NaN,NaN
178,CARZANO,2022,0.0,0.0,NaN,NaN
179,CARZANO,2023,0.0,0.0,NaN,NaN
180,CASTEL CONDINO,2019,0.9454545454545454,0.7461139896373057,NaN,NaN
181,CASTEL CONDINO,2020,0.9629629629629629,0.8571428571428571,NaN,NaN
182,CASTEL CONDINO,2021,0.9454545454545454,0.8571428571428571,NaN,NaN
183,CASTEL CONDINO,2022,0.7692307692307693,0.4090909090909091,NaN,NaN
184,CASTEL CONDINO,2023,0.9090909090909091,0.8490566037735849,NaN,NaN
185,CASTEL IVANO,2019,0.8641975308641975,0.5720430107526882,NaN,NaN
186,CASTEL IVANO,2020,0.8536585365853658,0.5671641791044776,NaN,NaN
187,CASTEL IVANO,2021,0.8641975308641975,0.5807860262008734,NaN,NaN
188,CASTEL IVANO,2022,0.4782608695652174,0.1975806451612903,NaN,NaN
189,CASTEL IVANO,2023,0.5555555555555556,0.2549800796812749,NaN,NaN
190,CASTELFONDO,2019,0.9,0.7086614173228346,NaN,NaN
191,CASTELFONDO,2020,0.0,0.0,NaN,NaN
192,CASTELFONDO,2021,0.0,0.0,NaN,NaN
193,CASTELFONDO,2022,0.0,0.0,NaN,NaN
194,CASTELFONDO,2023,0.0,0.0,NaN,NaN
195,CASTELLO TESINO,2019,0.9032258064516129,0.44952380952380955,NaN,NaN
196,CASTELLO TESINO,2020,0.9130434782608695,0.48592999313658203,NaN,NaN
197,CASTELLO TESINO,2021,0.9180327868852459,0.4889502762430939,NaN,NaN
198,CASTELLO TESINO,2022,0.8148148148148148,0.3154486586493987,NaN,NaN
199,CASTELLO TESINO,2023,0.8117647058823529,0.2996575342465753,NaN,NaN
200,CASTELLO-MOLINA DI FIEMME,2019,0.9119170984455959,0.6156090444930707,NaN,NaN
201,CASTELLO-MOLINA DI FIEMME,2020,0.9072164948453608,0.5956245589273113,NaN,NaN
202,CASTELLO-MOLINA DI FIEMME,2021,0.9119170984455959,0.5973106864826611,NaN,NaN
203,CASTELLO-MOLINA DI FIEMME,2022,0.8117647058823529,0.3689538807649044,NaN,NaN
204,CASTELLO-MOLINA DI FIEMME,2023,0.8105263157894737,0.3919491525423729,NaN,NaN
205,CASTELNUOVO,2019,0.0,0.0,NaN,NaN
206,CASTELNUOVO,2020,0.0,0.0,NaN,NaN
207,CASTELNUOVO,2021,0.0,0.0,NaN,NaN
208,CASTELNUOVO,2022,0.0,0.0,NaN,NaN
209,CASTELNUOVO,2023,0.0,0.0,NaN,NaN
210,CAVALESE,2019,0.9006928406466512,0.8910843373493976,NaN,NaN
211,CAVALESE,2020,0.9027777777777778,0.4562052800394769,NaN,NaN
212,CAVALESE,2021,0.8986175115207373,0.4588089330024814,NaN,NaN
213,CAVALESE,2022,0.8770491803278688,0.9860759493670886,NaN,NaN
214,CAVALESE,2023,0.8772378516624041,0.411706837186424,NaN,NaN
215,CAVARENO,2019,0.9384615384615385,0.5507900677200903,NaN,NaN
216,CAVARENO,2020,0.9384615384615385,0.5694282380396732,NaN,NaN
217,CAVARENO,2021,0.9384615384615385,0.5558086560364465,NaN,NaN
218,CAVARENO,2022,0.7674418604651163,0.26118067978533094,NaN,NaN
219,CAVARENO,2023,0.8070175438596491,0.3265625,NaN,NaN
220,CAVEDAGO,2019,0.8947368421052632,0.4664586583463339,46.1846982,11.0314163
221,CAVEDAGO,2020,0.8947368421052632,0.4664586583463339,46.1846982,11.0314163
222,CAVEDAGO,2021,0.8947368421052632,0.49750415973377704,46.1846982,11.0314163
223,CAVEDAGO,2022,0.8392857142857143,0.3933463796477495,46.1846982,11.0314163
224,CAVEDAGO,2023,0.8245614035087719,0.3852140077821012,46.1846982,11.0314163
225,CAVEDINE,2019,0.0,0.0,NaN,NaN
226,CAVEDINE,2020,0.0,0.0,NaN,NaN
227,CAVEDINE,2021,0.0,0.0,NaN,NaN
228,CAVEDINE,2022,0.6111111111111112,0.25,NaN,NaN
229,CAVEDINE,2023,0.631578947368421,0.2,NaN,NaN
230,CAVIZZANA,2019,0.0,0.0,NaN,NaN
231,CAVIZZANA,2020,0.0,0.0,NaN,NaN
232,CAVIZZANA,2021,0.0,0.0,NaN,NaN
233,CAVIZZANA,2022,0.6666666666666666,0.65,NaN,NaN
234,CAVIZZANA,2023,0.6666666666666666,0.65,NaN,NaN
235,CEMBRA LISIGNAGO,2019,0.76,0.2761904761904762,NaN,NaN
236,CEMBRA LISIGNAGO,2020,0.76,0.2761904761904762,NaN,NaN
237,CEMBRA LISIGNAGO,2021,0.76,0.2761904761904762,NaN,NaN
238,CEMBRA LISIGNAGO,2022,0.5714285714285714,0.17391304347826086,NaN,NaN
239,CEMBRA LISIGNAGO,2023,0.4166666666666667,0.10752688172043011,NaN,NaN
240,CIMONE,2019,0.0,0.0,NaN,NaN
241,CIMONE,2020,0.0,0.0,NaN,NaN
242,CIMONE,2021,0.0,0.0,NaN,NaN
243,CIMONE,2022,1.0,1.0,NaN,NaN
244,CIMONE,2023,1.0,1.0,NaN,NaN
245,CINTE TESINO,2019,0.9518072289156626,0.8655913978494624,NaN,NaN
246,CINTE TESINO,2020,0.9634146341463414,0.8734177215189873,NaN,NaN
247,CINTE TESINO,2021,0.9634146341463414,0.8734177215189873,NaN,NaN
248,CINTE TESINO,2022,0.8,0.40816326530612246,NaN,NaN
249,CINTE TESINO,2023,0.8,0.4423076923076923,NaN,NaN
250,CIS,2019,0.75,0.4444444444444444,NaN,NaN
251,CIS,2020,0.75,0.4444444444444444,NaN,NaN
252,CIS,2021,0.8571428571428571,0.6153846153846154,NaN,NaN
253,CIS,2022,0.3333333333333333,0.5918367346938775,NaN,NaN
254,CIS,2023,0.3333333333333333,0.5918367346938775,NaN,NaN
255,CIVEZZANO,2019,0.2857142857142857,0.15,NaN,NaN
256,CIVEZZANO,2020,0.5,0.45,NaN,NaN
257,CIVEZZANO,2021,0.6666666666666666,0.5,NaN,NaN
258,CIVEZZANO,2022,0.6666666666666666,0.5333333333333333,NaN,NaN
259,CIVEZZANO,2023,0.7777777777777778,0.6956521739130435,NaN,NaN
260,CLES,2019,0.6888888888888889,0.2616407982261641,NaN,NaN
261,CLES,2020,0.7380952380952381,0.35014836795252224,NaN,NaN
262,CLES,2021,0.7045454545454546,0.2935323383084577,NaN,NaN
263,CLES,2022,0.6388888888888888,0.22311827956989247,NaN,NaN
264,CLES,2023,0.6888888888888889,0.28191489361702127,NaN,NaN
265,CLOZ,2019,0.8695652173913043,0.6967213114754098,NaN,NaN
266,CLOZ,2020,0.0,0.0,NaN,NaN
267,CLOZ,2021,0.0,0.0,NaN,NaN
268,CLOZ,2022,0.0,0.0,NaN,NaN
269,CLOZ,2023,0.0,0.0,NaN,NaN
270,COMANO TERME,2019,0.8442622950819673,0.37059092991296383,NaN,NaN
271,COMANO TERME,2020,0.8619246861924686,0.4125446200917899,NaN,NaN
272,COMANO TERME,2021,0.865546218487395,0.4157245632065776,NaN,NaN
273,COMANO TERME,2022,0.8290155440414507,0.3390010626992561,NaN,NaN
274,COMANO TERME,2023,0.8434343434343434,0.3656387665198238,NaN,NaN
275,COMMEZZADURA,2019,0.7835051546391752,0.32334869431643626,NaN,NaN
276,COMMEZZADURA,2020,0.7755102040816326,0.3137108792846498,NaN,NaN
277,COMMEZZADURA,2021,0.7755102040816326,0.3137108792846498,NaN,NaN
278,COMMEZZADURA,2022,0.6666666666666666,0.18590308370044054,NaN,NaN
279,COMMEZZADURA,2023,0.6712328767123288,0.20051635111876076,NaN,NaN
280,CONTÀ,2019,0.75,0.35502958579881655,NaN,NaN
281,CONTÀ,2020,0.75,0.35502958579881655,NaN,NaN
282,CONTÀ,2021,0.75,0.36585365853658536,NaN,NaN
283,CONTÀ,2022,0.6,0.27586206896551724,NaN,NaN
284,CONTÀ,2023,0.7333333333333333,0.3684210526315789,NaN,NaN
285,CROVIANA,2019,0.9333333333333333,0.7506053268765133,NaN,NaN
286,CROVIANA,2020,0.9333333333333333,0.7506053268765133,NaN,NaN
287,CROVIANA,2021,0.9333333333333333,0.7506053268765133,NaN,NaN
288,CROVIANA,2022,0.8974358974358975,0.6484641638225256,NaN,NaN
289,CROVIANA,2023,0.9,0.6600660066006601,NaN,NaN
290,DAIANO,2019,0.9152542372881356,0.5213414634146342,NaN,NaN
291,DAIANO,2020,0.0,0.0,NaN,NaN
292,DAIANO,2021,0.0,0.0,NaN,NaN
293,DAIANO,2022,0.0,0.0,NaN,NaN
294,DAIANO,2023,0.0,0.0,NaN,NaN
295,DAMBEL,2019,1.0,1.0,NaN,NaN
296,DAMBEL,2020,1.0,1.0,NaN,NaN
297,DAMBEL,2021,1.0,1.0,NaN,NaN
298,DAMBEL,2022,1.0,1.0,NaN,NaN
299,DAMBEL,2023,1.0,1.0,NaN,NaN
300,DENNO,2019,0.25,0.009708737864077669,NaN,NaN
301,DENNO,2020,0.25,0.009708737864077669,NaN,NaN
302,DENNO,2021,0.3333333333333333,0.01694915254237288,NaN,NaN
303,DENNO,2022,0.7142857142857143,0.2564102564102564,NaN,NaN
304,DENNO,2023,0.7142857142857143,0.2564102564102564,NaN,NaN
305,DIMARO FOLGARIDA,2019,0.9302059496567505,0.49844275569951413,NaN,NaN
306,DIMARO FOLGARIDA,2020,0.9302059496567505,0.49517326732673267,NaN,NaN
307,DIMARO FOLGARIDA,2021,0.9344827586206896,0.5003751875937968,NaN,NaN
308,DIMARO FOLGARIDA,2022,0.7651821862348178,0.6783960720130933,NaN,NaN
309,DIMARO FOLGARIDA,2023,0.7890909090909091,0.20632244467860905,NaN,NaN
310,DRENA,2019,0.5384615384615384,0.12648221343873517,NaN,NaN
311,DRENA,2020,0.5714285714285714,0.1411764705882353,NaN,NaN
312,DRENA,2021,0.5833333333333334,0.12698412698412698,NaN,NaN
313,DRENA,2022,0.6428571428571429,0.16030534351145037,NaN,NaN
314,DRENA,2023,0.6875,0.19117647058823528,NaN,NaN
315,DRO,2019,0.5094339622641509,0.08583333333333333,NaN,NaN
316,DRO,2020,0.559322033898305,0.11156022635408246,NaN,NaN
317,DRO,2021,0.54,0.09035087719298246,NaN,NaN
318,DRO,2022,0.631578947368421,0.12862010221465076,NaN,NaN
319,DRO,2023,0.6153846153846154,0.09416058394160584,NaN,NaN
320,FAEDO,2019,0.0,0.0,NaN,NaN
321,FAEDO,2020,0.0,0.0,NaN,NaN
322,FAEDO,2021,0.0,0.0,NaN,NaN
323,FAEDO,2022,0.0,0.0,NaN,NaN
324,FAEDO,2023,0.0,0.0,NaN,NaN
325,FAI DELLA PAGANELLA,2019,0.9137254901960784,0.5395238095238095,46.1793313,11.0689304
326,FAI DELLA PAGANELLA,2020,0.91015625,0.9991181657848325,46.1793313,11.0689304
327,FAI DELLA PAGANELLA,2021,0.9137254901960784,0.5562101129111439,46.1793313,11.0689304
328,FAI DELLA PAGANELLA,2022,0.8307692307692308,0.35294117647058826,46.1793313,11.0689304
329,FAI DELLA PAGANELLA,2023,0.8270676691729323,0.35770049680624555,46.1793313,11.0689304
330,FIAVÈ,2019,0.8484848484848485,0.49070631970260226,NaN,NaN
331,FIAVÈ,2020,0.875,0.5477178423236515,NaN,NaN
332,FIAVÈ,2021,0.875,0.5714285714285714,NaN,NaN
333,FIAVÈ,2022,0.7575757575757576,0.31189710610932475,NaN,NaN
334,FIAVÈ,2023,0.6764705882352942,0.2119815668202765,NaN,NaN
335,FIEROZZO-VLARÖTZ,2019,0.6666666666666666,0.29577464788732394,NaN,NaN
336,FIEROZZO-VLARÖTZ,2020,0.75,0.45652173913043476,NaN,NaN
337,FIEROZZO-VLARÖTZ,2021,0.75,0.45652173913043476,NaN,NaN
338,FIEROZZO-VLARÖTZ,2022,0.5714285714285714,0.25287356321839083,NaN,NaN
339,FIEROZZO-VLARÖTZ,2023,0.75,0.5689655172413793,NaN,NaN
340,FOLGARIA,2019,0.9528759528759528,0.6360900962861072,NaN,NaN
341,FOLGARIA,2020,0.9515570934256056,0.9461636828644501,NaN,NaN
342,FOLGARIA,2021,0.9528759528759528,0.6347259157587716,NaN,NaN
343,FOLGARIA,2022,0.9016641452344932,0.38626796341994485,NaN,NaN
344,FOLGARIA,2023,0.9007194244604316,0.3728768222549151,NaN,NaN
345,FONDO,2019,0.9205298013245033,0.5960378983634798,NaN,NaN
346,FONDO,2020,0.0,0.0,NaN,NaN
347,FONDO,2021,0.0,0.0,NaN,NaN
348,FONDO,2022,0.0,0.0,NaN,NaN
349,FONDO,2023,0.0,0.0,NaN,NaN
350,FORNACE,2019,1.0,1.0,NaN,NaN
351,FORNACE,2020,0.9444444444444444,0.9009009009009009,NaN,NaN
352,FORNACE,2021,1.0,1.0,NaN,NaN
353,FORNACE,2022,1.0,1.0,NaN,NaN
354,FORNACE,2023,0.5,0.26666666666666666,NaN,NaN
355,FRASSILONGO-GARAIT,2019,0.6923076923076923,0.30864197530864196,NaN,NaN
356,FRASSILONGO-GARAIT,2020,0.6428571428571429,0.2808988764044944,NaN,NaN
357,FRASSILONGO-GARAIT,2021,0.6923076923076923,0.30864197530864196,NaN,NaN
358,FRASSILONGO-GARAIT,2022,0.6428571428571429,0.5753424657534246,NaN,NaN
359,FRASSILONGO-GARAIT,2023,0.6666666666666666,0.5921052631578947,NaN,NaN
360,GARNIGA TERME,2019,0.9130434782608695,0.4794520547945205,NaN,NaN
361,GARNIGA TERME,2020,0.9130434782608695,0.4794520547945205,NaN,NaN
362,GARNIGA TERME,2021,0.9545454545454546,0.5263157894736842,NaN,NaN
363,GARNIGA TERME,2022,0.8181818181818182,0.2761904761904762,NaN,NaN
364,GARNIGA TERME,2023,0.75,0.21649484536082475,NaN,NaN
365,GIOVO,2019,0.36363636363636365,0.15037593984962405,NaN,NaN
366,GIOVO,2020,0.4,0.16129032258064516,NaN,NaN
367,GIOVO,2021,0.3333333333333333,0.13793103448275862,NaN,NaN
368,GIOVO,2022,0.5,0.2054794520547945,NaN,NaN
369,GIOVO,2023,0.46153846153846156,0.21138211382113822,NaN,NaN
370,GIUSTINO,2019,0.7222222222222222,0.31850961538461536,NaN,NaN
371,GIUSTINO,2020,0.7090909090909091,0.31103286384976525,NaN,NaN
372,GIUSTINO,2021,0.7358490566037735,0.32082324455205813,NaN,NaN
373,GIUSTINO,2022,0.8613861386138614,0.3952738990332975,NaN,NaN
374,GIUSTINO,2023,0.8627450980392157,0.3939720129171152,NaN,NaN
375,GRIGNO,2019,0.0,0.0,NaN,NaN
376,GRIGNO,2020,0.0,0.0,NaN,NaN
377,GRIGNO,2021,0.0,0.0,NaN,NaN
378,GRIGNO,2022,0.2,0.0380952380952381,NaN,NaN
379,GRIGNO,2023,0.16666666666666666,0.031496062992125984,NaN,NaN
380,IMER,2019,0.927536231884058,0.5035026269702276,NaN,NaN
381,IMER,2020,0.927536231884058,0.5035026269702276,NaN,NaN
382,IMER,2021,0.927536231884058,0.5035026269702276,NaN,NaN
383,IMER,2022,0.7872340425531915,0.2146814404432133,NaN,NaN
384,IMER,2023,0.7441860465116279,0.18892045454545456,NaN,NaN
385,ISERA,2019,0.2222222222222222,0.07792207792207792,NaN,NaN
386,ISERA,2020,0.25,0.08108108108108109,NaN,NaN
387,ISERA,2021,0.2857142857142857,0.08955223880597014,NaN,NaN
388,ISERA,2022,0.4,0.21428571428571427,NaN,NaN
389,ISERA,2023,0.4,0.21428571428571427,NaN,NaN
390,LAVARONE,2019,0.9340425531914893,0.5482335254322225,NaN,NaN
391,LAVARONE,2020,0.938034188034188,0.9282986847687739,NaN,NaN
392,LAVARONE,2021,0.9281183932346723,0.9204880100967606,NaN,NaN
393,LAVARONE,2022,0.8186528497409327,0.2734872611464968,NaN,NaN
394,LAVARONE,2023,0.8309178743961353,0.2865876958349255,NaN,NaN
395,LAVIS,2019,0.10526315789473684,0.017130620985010708,NaN,NaN
396,LAVIS,2020,0.1,0.016666666666666666,NaN,NaN
397,LAVIS,2021,0.1111111111111111,0.01735357917570499,NaN,NaN
398,LAVIS,2022,0.2727272727272727,0.07039337474120083,NaN,NaN
399,LAVIS,2023,0.38461538461538464,0.10020040080160321,NaN,NaN
400,LEDRO,2019,0.9556681443951869,0.13981934512608205,NaN,NaN
401,LEDRO,2020,0.9532533164876816,0.13131848709791447,NaN,NaN
402,LEDRO,2021,0.9526515151515151,0.13298729192768927,NaN,NaN
403,LEDRO,2022,0.8481781376518218,0.27549167927382756,NaN,NaN
404,LEDRO,2023,0.8253275109170306,0.24557986215163322,NaN,NaN
405,LEVICO TERME,2019,0.8747553816046967,0.7107530910453354,NaN,NaN
406,LEVICO TERME,2020,0.8799212598425197,0.19934846574190837,NaN,NaN
407,LEVICO TERME,2021,0.8851485148514852,0.2008470089994706,NaN,NaN
408,LEVICO TERME,2022,0.7361702127659574,0.08346268656716418,NaN,NaN
409,LEVICO TERME,2023,0.7744360902255639,0.09845675320014356,NaN,NaN
410,LIVO,2019,0.8181818181818182,0.5396825396825397,NaN,NaN
411,LIVO,2020,0.8181818181818182,0.5396825396825397,NaN,NaN
412,LIVO,2021,0.9,0.68,NaN,NaN
413,LIVO,2022,0.8888888888888888,0.65,NaN,NaN
414,LIVO,2023,0.8,0.5306122448979592,NaN,NaN
415,LONA-LASES,2019,0.8571428571428571,0.5,NaN,NaN
416,LONA-LASES,2020,0.8571428571428571,0.5,NaN,NaN
417,LONA-LASES,2021,0.8571428571428571,0.5,NaN,NaN
418,LONA-LASES,2022,1.0,1.0,NaN,NaN
419,LONA-LASES,2023,0.75,0.35135135135135137,NaN,NaN
420,LUSERNA-LUSÉRN,2019,0.8888888888888888,0.58125,NaN,NaN
421,LUSERNA-LUSÉRN,2020,0.8888888888888888,0.58125,NaN,NaN
422,LUSERNA-LUSÉRN,2021,0.96,0.7948717948717948,NaN,NaN
423,LUSERNA-LUSÉRN,2022,0.8,0.42857142857142855,NaN,NaN
424,LUSERNA-LUSÉRN,2023,0.8571428571428571,0.5294117647058824,NaN,NaN
425,MADRUZZO,2019,0.8727272727272727,0.6798866855524079,NaN,NaN
426,MADRUZZO,2020,0.8727272727272727,0.6469002695417789,NaN,NaN
427,MADRUZZO,2021,0.8888888888888888,0.6648199445983379,NaN,NaN
428,MADRUZZO,2022,0.85,0.5229007633587787,NaN,NaN
429,MADRUZZO,2023,0.8571428571428571,0.5747126436781609,NaN,NaN
430,MALÉ,2019,0.8504672897196262,0.3434125269978402,NaN,NaN
431,MALÉ,2020,0.8584905660377359,0.34602829162132753,NaN,NaN
432,MALÉ,2021,0.8425925925925926,0.33298429319371725,NaN,NaN
433,MALÉ,2022,0.7571428571428571,0.27366020524515394,NaN,NaN
434,MALÉ,2023,0.782051282051282,0.3046875,NaN,NaN
435,MALOSCO,2019,0.8545454545454545,0.29260935143288086,NaN,NaN
436,MALOSCO,2020,0.0,0.0,NaN,NaN
437,MALOSCO,2021,0.0,0.0,NaN,NaN
438,MALOSCO,2022,0.0,0.0,NaN,NaN
439,MALOSCO,2023,0.0,0.0,NaN,NaN
440,MASSIMENO,2019,1.0,1.0,NaN,NaN
441,MASSIMENO,2020,1.0,1.0,NaN,NaN
442,MASSIMENO,2021,0.9782608695652174,0.8823529411764706,NaN,NaN
443,MASSIMENO,2022,0.9591836734693877,0.8814229249011858,NaN,NaN
444,MASSIMENO,2023,0.9607843137254902,0.8850574712643678,NaN,NaN
445,MAZZIN-MAZIN,2019,0.6363636363636364,0.11734253666954271,NaN,NaN
446,MAZZIN-MAZIN,2020,0.6268656716417911,0.11633875106929,NaN,NaN
447,MAZZIN-MAZIN,2021,0.6363636363636364,0.11496196111580727,NaN,NaN
448,MAZZIN-MAZIN,2022,0.8670886075949367,0.3659889094269871,NaN,NaN
449,MAZZIN-MAZIN,2023,0.8846153846153846,0.4075993091537133,NaN,NaN
450,MEZZANA,2019,0.9153846153846154,0.16922017558960234,NaN,NaN
451,MEZZANA,2020,0.9130434782608695,0.16534903280067284,NaN,NaN
452,MEZZANA,2021,0.9296875,0.20569156727348817,NaN,NaN
453,MEZZANA,2022,0.9334916864608076,0.8056698673982624,NaN,NaN
454,MEZZANA,2023,0.9278846153846154,0.28288405326404675,NaN,NaN
455,MEZZANO,2019,0.9481132075471698,0.7264231096006797,NaN,NaN
456,MEZZANO,2020,0.95260663507109,0.7295221843003413,NaN,NaN
457,MEZZANO,2021,0.95260663507109,0.7295221843003413,NaN,NaN
458,MEZZANO,2022,0.900990099009901,0.5509915014164306,NaN,NaN
459,MEZZANO,2023,0.9047619047619048,0.5621546961325967,NaN,NaN
460,MEZZOCORONA,2019,0.3333333333333333,0.10650887573964497,NaN,NaN
461,MEZZOCORONA,2020,0.30434782608695654,0.1037463976945245,NaN,NaN
462,MEZZOCORONA,2021,0.30434782608695654,0.10465116279069768,NaN,NaN
463,MEZZOCORONA,2022,0.058823529411764705,0.00964630225080386,NaN,NaN
464,MEZZOCORONA,2023,0.1111111111111111,0.022508038585209004,NaN,NaN
465,MEZZOLOMBARDO,2019,0.0,0.0,NaN,NaN
466,MEZZOLOMBARDO,2020,0.1,0.041237113402061855,NaN,NaN
467,MEZZOLOMBARDO,2021,0.09090909090909091,0.039603960396039604,NaN,NaN
468,MEZZOLOMBARDO,2022,0.35294117647058826,0.1391304347826087,NaN,NaN
469,MEZZOLOMBARDO,2023,0.47619047619047616,0.2426470588235294,NaN,NaN
470,MOENA-MOENA,2019,0.9218009478672986,0.4898331229841537,NaN,NaN
471,MOENA-MOENA,2020,0.9218009478672986,0.4967292377701934,NaN,NaN
472,MOENA-MOENA,2021,0.9207100591715977,0.49588302101078935,NaN,NaN
473,MOENA-MOENA,2022,0.8552631578947368,0.34213953488372095,NaN,NaN
474,MOENA-MOENA,2023,0.8601694915254238,0.8416370106761566,NaN,NaN
475,MOLVENO,2019,0.8963531669865643,0.373224043715847,46.1421057,10.9637773
476,MOLVENO,2020,0.8963531669865643,0.3739051094890511,46.1421057,10.9637773
477,MOLVENO,2021,0.8946360153256705,0.3743833363785858,46.1421057,10.9637773
478,MOLVENO,2022,0.8450292397660819,0.2736887545866609,46.1421057,10.9637773
479,MOLVENO,2023,0.8450704225352113,0.27703984819734345,46.1421057,10.9637773
480,MORI,2019,0.6206896551724138,0.4016393442622951,NaN,NaN
481,MORI,2020,0.6428571428571429,0.3333333333333333,NaN,NaN
482,MORI,2021,0.6,0.31210191082802546,NaN,NaN
483,MORI,2022,0.5588235294117647,0.23708206686930092,NaN,NaN
484,MORI,2023,0.5757575757575758,0.20424403183023873,NaN,NaN
485,NAGO-TORBOLE,2019,0.6726618705035972,0.12747923376843534,NaN,NaN
486,NAGO-TORBOLE,2020,0.6819787985865724,0.600942655145326,NaN,NaN
487,NAGO-TORBOLE,2021,0.6750902527075813,0.13672727272727273,NaN,NaN
488,NAGO-TORBOLE,2022,0.6845637583892618,0.14034476754309594,NaN,NaN
489,NAGO-TORBOLE,2023,0.7098765432098766,0.154105547125274,NaN,NaN
490,NOGAREDO,2019,0.0,0.0,NaN,NaN
491,NOGAREDO,2020,0.0,0.0,NaN,NaN
492,NOGAREDO,2021,0.6,0.3541666666666667,NaN,NaN
493,NOGAREDO,2022,0.6,0.3541666666666667,NaN,NaN
494,NOGAREDO,2023,0.6666666666666666,0.39215686274509803,NaN,NaN
495,NOMI,2019,1.0,1.0,NaN,NaN
496,NOMI,2020,1.0,1.0,NaN,NaN
497,NOMI,2021,1.0,1.0,NaN,NaN
498,NOMI,2022,0.0,0.0,NaN,NaN
499,NOMI,2023,0.0,0.0,NaN,NaN
500,NOVALEDO,2019,0.0,0.0,NaN,NaN
501,NOVALEDO,2020,0.0,0.0,NaN,NaN
502,NOVALEDO,2021,0.0,0.0,NaN,NaN
503,NOVALEDO,2022,1.0,1.0,NaN,NaN
504,NOVALEDO,2023,1.0,1.0,NaN,NaN
505,OSPEDALETTO,2019,0.8571428571428571,0.7894736842105263,NaN,NaN
506,OSPEDALETTO,2020,0.8571428571428571,0.7894736842105263,NaN,NaN
507,OSPEDALETTO,2021,0.75,0.7142857142857143,NaN,NaN
508,OSPEDALETTO,2022,0.0,0.0,NaN,NaN
509,OSPEDALETTO,2023,0.3333333333333333,0.4,NaN,NaN
510,OSSANA,2019,0.8227848101265823,0.1648700063411541,NaN,NaN
511,OSSANA,2020,0.8441558441558441,0.17060367454068243,NaN,NaN
512,OSSANA,2021,0.8441558441558441,0.17026850032743943,NaN,NaN
513,OSSANA,2022,0.6578947368421053,0.08351331893448524,NaN,NaN
514,OSSANA,2023,0.7551020408163265,0.1243953006219765,NaN,NaN
515,PALÙ DEL FERSINA-PALAI EN BERSNTOL,2019,0.7142857142857143,0.2,NaN,NaN
516,PALÙ DEL FERSINA-PALAI EN BERSNTOL,2020,0.8333333333333334,0.452991452991453,NaN,NaN
517,PALÙ DEL FERSINA-PALAI EN BERSNTOL,2021,0.8823529411764706,0.4953271028037383,NaN,NaN
518,PALÙ DEL FERSINA-PALAI EN BERSNTOL,2022,0.8571428571428571,0.5789473684210527,NaN,NaN
519,PALÙ DEL FERSINA-PALAI EN BERSNTOL,2023,0.8888888888888888,0.6307692307692307,NaN,NaN
520,PANCHIÀ,2019,0.8961038961038961,0.45614035087719296,NaN,NaN
521,PANCHIÀ,2020,0.8961038961038961,0.45614035087719296,NaN,NaN
522,PANCHIÀ,2021,0.9078947368421053,0.4620355411954766,NaN,NaN
523,PANCHIÀ,2022,0.75,0.21462264150943397,NaN,NaN
524,PANCHIÀ,2023,0.78125,0.24660633484162897,NaN,NaN
525,PEIO,2019,0.9229323308270677,0.4792181069958848,NaN,NaN
526,PEIO,2020,0.9246704331450094,0.4820948043883254,NaN,NaN
527,PEIO,2021,0.9229323308270677,0.4810989464986573,NaN,NaN
528,PEIO,2022,0.7916666666666666,0.21593090211132437,NaN,NaN
529,PEIO,2023,0.8019323671497585,0.23045653533458413,NaN,NaN
530,PELLIZZANO,2019,0.8809523809523809,0.47530864197530864,NaN,NaN
531,PELLIZZANO,2020,0.8809523809523809,0.47530864197530864,NaN,NaN
532,PELLIZZANO,2021,0.8604651162790697,0.4695121951219512,NaN,NaN
533,PELLIZZANO,2022,0.7755102040816326,0.3333333333333333,NaN,NaN
534,PELLIZZANO,2023,0.7818181818181819,0.3322734499205087,NaN,NaN
535,PELUGO,2019,0.9565217391304348,0.5071428571428571,NaN,NaN
536,PELUGO,2020,0.9565217391304348,0.5071428571428571,NaN,NaN
537,PELUGO,2021,0.9565217391304348,0.5071428571428571,NaN,NaN
538,PELUGO,2022,0.8888888888888888,0.32019704433497537,NaN,NaN
539,PELUGO,2023,0.8888888888888888,0.31683168316831684,NaN,NaN
540,PERGINE VALSUGANA,2019,0.7028985507246377,0.1872556684910086,NaN,NaN
541,PERGINE VALSUGANA,2020,0.7348484848484849,0.1928341384863124,NaN,NaN
542,PERGINE VALSUGANA,2021,0.7578125,0.19859038142620233,NaN,NaN
543,PERGINE VALSUGANA,2022,0.7589285714285714,0.15767045454545456,NaN,NaN
544,PERGINE VALSUGANA,2023,0.7913669064748201,0.18139137857447715,NaN,NaN
545,PIEVE DI BONO-PREZZO,2019,0.9,0.5252225519287834,NaN,NaN
546,PIEVE DI BONO-PREZZO,2020,0.9310344827586207,0.6996047430830039,NaN,NaN
547,PIEVE DI BONO-PREZZO,2021,0.9,0.5260029717682021,NaN,NaN
548,PIEVE DI BONO-PREZZO,2022,0.6428571428571429,0.20103092783505155,NaN,NaN
549,PIEVE DI BONO-PREZZO,2023,0.4,0.06783369803063458,NaN,NaN
550,PIEVE TESINO,2019,0.8589743589743589,0.3269800931808556,NaN,NaN
551,PIEVE TESINO,2020,0.950354609929078,0.4272274488101826,NaN,NaN
552,PIEVE TESINO,2021,0.8993288590604027,0.3660502607871029,NaN,NaN
553,PIEVE TESINO,2022,0.5227272727272727,0.5,NaN,NaN
554,PIEVE TESINO,2023,0.5,0.47648902821316613,NaN,NaN
555,PINZOLO,2019,0.9547651933701657,0.12749973547772722,NaN,NaN
556,PINZOLO,2020,0.9567474048442907,0.13238848604702264,NaN,NaN
557,PINZOLO,2021,0.9560857538035962,0.13243213539949444,NaN,NaN
558,PINZOLO,2022,0.8665338645418327,0.3186489218328841,NaN,NaN
559,PINZOLO,2023,0.8706654170571696,0.3269199545380744,NaN,NaN
560,POMAROLO,2019,0.0,0.0,NaN,NaN
561,POMAROLO,2020,0.8,0.20588235294117646,NaN,NaN
562,POMAROLO,2021,0.8,0.20588235294117646,NaN,NaN
563,POMAROLO,2022,0.8333333333333334,0.2702702702702703,NaN,NaN
564,POMAROLO,2023,0.875,0.325,NaN,NaN
565,PORTE DI RENDENA,2019,0.9710144927536232,0.6113914924297044,NaN,NaN
566,PORTE DI RENDENA,2020,0.9663461538461539,0.5872576177285319,NaN,NaN
567,PORTE DI RENDENA,2021,0.9757281553398058,0.6198830409356725,NaN,NaN
568,PORTE DI RENDENA,2022,0.7272727272727273,0.12227805695142378,NaN,NaN
569,PORTE DI RENDENA,2023,0.75,0.1633281972265023,NaN,NaN
570,PREDAIA,2019,0.9390444810543658,0.6960974259618046,NaN,NaN
571,PREDAIA,2020,0.9437086092715232,0.713677639046538,NaN,NaN
572,PREDAIA,2021,0.945273631840796,0.7165242165242165,NaN,NaN
573,PREDAIA,2022,0.8108108108108109,0.36264402668283807,NaN,NaN
574,PREDAIA,2023,0.826530612244898,0.3827944572748268,NaN,NaN
575,PREDAZZO,2019,0.9219330855018587,0.4346493600144222,NaN,NaN
576,PREDAZZO,2020,0.9219330855018587,0.4018333333333333,NaN,NaN
577,PREDAZZO,2021,0.9202226345083488,0.40056487788669215,NaN,NaN
578,PREDAZZO,2022,0.8690095846645367,0.032937365010799136,NaN,NaN
579,PREDAZZO,2023,0.8790560471976401,0.7882562277580071,NaN,NaN
580,PRIMIERO SAN MARTINO DI CASTROZZA,2019,0.8945420906567992,0.3918686608217294,NaN,NaN
581,PRIMIERO SAN MARTINO DI CASTROZZA,2020,0.9020522388059702,0.4191798455314454,NaN,NaN
582,PRIMIERO SAN MARTINO DI CASTROZZA,2021,0.9028944911297853,0.41577747378020974,NaN,NaN
583,PRIMIERO SAN MARTINO DI CASTROZZA,2022,0.8618925831202046,0.29880478087649404,NaN,NaN
584,PRIMIERO SAN MARTINO DI CASTROZZA,2023,0.8679471788715486,0.3087262200165426,NaN,NaN
585,RABBI,2019,0.8363636363636363,0.4075757575757576,NaN,NaN
586,RABBI,2020,0.8313253012048193,0.40481565086531224,NaN,NaN
587,RABBI,2021,0.8263473053892215,0.3944281524926686,NaN,NaN
588,RABBI,2022,0.7040816326530612,0.2818965517241379,NaN,NaN
589,RABBI,2023,0.7314814814814815,0.315702479338843,NaN,NaN
590,REVÒ,2019,0.4444444444444444,0.1836734693877551,NaN,NaN
591,REVÒ,2020,0.0,0.0,NaN,NaN
592,REVÒ,2021,0.0,0.0,NaN,NaN
593,REVÒ,2022,0.0,0.0,NaN,NaN
594,REVÒ,2023,0.0,0.0,NaN,NaN
595,RIVA DEL GARDA,2019,0.6752293577981652,0.12345571602575256,NaN,NaN
596,RIVA DEL GARDA,2020,0.6839285714285714,0.12958286162152746,NaN,NaN
597,RIVA DEL GARDA,2021,0.6727605118829981,0.12313432835820895,NaN,NaN
598,RIVA DEL GARDA,2022,0.7268518518518519,0.15445462114904246,NaN,NaN
599,RIVA DEL GARDA,2023,0.7576601671309192,0.17520566913741142,NaN,NaN
600,ROMALLO,2019,0.7333333333333333,0.29069767441860467,NaN,NaN
601,ROMALLO,2020,0.0,0.0,NaN,NaN
602,ROMALLO,2021,0.0,0.0,NaN,NaN
603,ROMALLO,2022,0.0,0.0,NaN,NaN
604,ROMALLO,2023,0.0,0.0,NaN,NaN
605,ROMENO,2019,0.859375,0.43824701195219123,NaN,NaN
606,ROMENO,2020,0.8461538461538461,0.42884990253411304,NaN,NaN
607,ROMENO,2021,0.8461538461538461,0.42884990253411304,NaN,NaN
608,ROMENO,2022,0.65625,0.22631578947368422,NaN,NaN
609,ROMENO,2023,0.6666666666666666,0.24031007751937986,NaN,NaN
610,RONCEGNO TERME,2019,0.8611111111111112,0.4320337197049526,NaN,NaN
611,RONCEGNO TERME,2020,0.8691588785046729,0.43478260869565216,NaN,NaN
612,RONCEGNO TERME,2021,0.8691588785046729,0.43478260869565216,NaN,NaN
613,RONCEGNO TERME,2022,0.7450980392156863,0.2470059880239521,NaN,NaN
614,RONCEGNO TERME,2023,0.7547169811320755,0.23577235772357724,NaN,NaN
615,RONCHI VALSUGANA,2019,0.0,0.0,NaN,NaN
616,RONCHI VALSUGANA,2020,0.0,0.0,NaN,NaN
617,RONCHI VALSUGANA,2021,0.0,0.0,NaN,NaN
618,RONCHI VALSUGANA,2022,0.9090909090909091,0.6825396825396826,NaN,NaN
619,RONCHI VALSUGANA,2023,0.9166666666666666,0.696969696969697,NaN,NaN
620,RONZO-CHIENIS,2019,0.8333333333333334,0.6274509803921569,NaN,NaN
621,RONZO-CHIENIS,2020,0.8108108108108109,0.5776173285198556,NaN,NaN
622,RONZO-CHIENIS,2021,0.8333333333333334,0.6274509803921569,NaN,NaN
623,RONZO-CHIENIS,2022,0.75,0.38513513513513514,NaN,NaN
624,RONZO-CHIENIS,2023,0.8076923076923077,0.46285714285714286,NaN,NaN
625,RONZONE,2019,0.9411764705882353,0.6432160804020101,NaN,NaN
626,RONZONE,2020,0.9411764705882353,0.6432160804020101,NaN,NaN
627,RONZONE,2021,0.9411764705882353,0.6432160804020101,NaN,NaN
628,RONZONE,2022,0.631578947368421,0.21575342465753425,NaN,NaN
629,RONZONE,2023,0.5714285714285714,0.16445623342175067,NaN,NaN
630,ROVERÈ DELLA LUNA,2019,0.0,0.0,NaN,NaN
631,ROVERÈ DELLA LUNA,2020,0.0,0.0,NaN,NaN
632,ROVERÈ DELLA LUNA,2021,0.0,0.0,NaN,NaN
633,ROVERÈ DELLA LUNA,2022,0.0,0.0,NaN,NaN
634,ROVERÈ DELLA LUNA,2023,0.2,0.0851063829787234,NaN,NaN
635,ROVERETO,2019,0.35802469135802467,0.06967213114754098,NaN,NaN
636,ROVERETO,2020,0.38666666666666666,0.07611940298507462,NaN,NaN
637,ROVERETO,2021,0.38666666666666666,0.07461594732991954,NaN,NaN
638,ROVERETO,2022,0.5567010309278351,0.12377622377622377,NaN,NaN
639,ROVERETO,2023,0.6339285714285714,0.16877918612408271,NaN,NaN
640,RUFFRÈ-MENDOLA,2019,0.8378378378378378,0.36363636363636365,NaN,NaN
641,RUFFRÈ-MENDOLA,2020,0.8378378378378378,0.36363636363636365,NaN,NaN
642,RUFFRÈ-MENDOLA,2021,0.8611111111111112,0.5606060606060606,NaN,NaN
643,RUFFRÈ-MENDOLA,2022,0.8484848484848485,0.32294617563739375,NaN,NaN
644,RUFFRÈ-MENDOLA,2023,0.868421052631579,0.35924932975871315,NaN,NaN
645,RUMO,2019,0.8846153846153846,0.4062015503875969,NaN,NaN
646,RUMO,2020,0.9078947368421053,0.6121495327102804,NaN,NaN
647,RUMO,2021,0.8961038961038961,0.6036866359447005,NaN,NaN
648,RUMO,2022,0.7741935483870968,0.352112676056338,NaN,NaN
649,RUMO,2023,0.7272727272727273,0.26735218508997427,NaN,NaN
650,SAGRON MIS,2019,0.8888888888888888,0.7204301075268817,NaN,NaN
651,SAGRON MIS,2020,0.8888888888888888,0.7204301075268817,NaN,NaN
652,SAGRON MIS,2021,0.8888888888888888,0.7204301075268817,NaN,NaN
653,SAGRON MIS,2022,0.6923076923076923,0.2748091603053435,NaN,NaN
654,SAGRON MIS,2023,0.5833333333333334,0.17791411042944785,NaN,NaN
655,SAMONE,2019,0.9444444444444444,0.7747747747747747,NaN,NaN
656,SAMONE,2020,0.9444444444444444,0.7747747747747747,NaN,NaN
657,SAMONE,2021,0.9444444444444444,0.7747747747747747,NaN,NaN
658,SAMONE,2022,0.75,0.3055555555555556,NaN,NaN
659,SAMONE,2023,0.5,0.1935483870967742,NaN,NaN
660,SAN GIOVANNI DI FASSA-SEN JAN,2019,0.84472049689441,0.304255137716381,NaN,NaN
661,SAN GIOVANNI DI FASSA-SEN JAN,2020,0.8412371134020619,0.30322087192997366,NaN,NaN
662,SAN GIOVANNI DI FASSA-SEN JAN,2021,0.843846949327818,0.30170810079485877,NaN,NaN
663,SAN GIOVANNI DI FASSA-SEN JAN,2022,0.7859154929577464,0.030153701748210724,NaN,NaN
664,SAN GIOVANNI DI FASSA-SEN JAN,2023,0.7894021739130435,0.24653215636822196,NaN,NaN
665,SAN LORENZO DORSINO,2019,0.9142857142857143,0.4847001223990208,NaN,NaN
666,SAN LORENZO DORSINO,2020,0.909952606635071,0.4826325411334552,NaN,NaN
667,SAN LORENZO DORSINO,2021,0.9056603773584906,0.46615656268393174,NaN,NaN
668,SAN LORENZO DORSINO,2022,0.6071428571428571,0.14458955223880596,NaN,NaN
669,SAN LORENZO DORSINO,2023,0.6129032258064516,0.1526032315978456,NaN,NaN
670,SAN MICHELE ALL'ADIGE,2019,0.0,0.0,NaN,NaN
671,SAN MICHELE ALL'ADIGE,2020,0.0,0.0,NaN,NaN
672,SAN MICHELE ALL'ADIGE,2021,0.0,0.0,NaN,NaN
673,SAN MICHELE ALL'ADIGE,2022,0.0,0.0,NaN,NaN
674,SAN MICHELE ALL'ADIGE,2023,0.2727272727272727,0.1,NaN,NaN
675,SANT'ORSOLA TERME,2019,0.9081632653061225,0.6517311608961304,NaN,NaN
676,SANT'ORSOLA TERME,2020,0.9270833333333334,0.7322654462242563,NaN,NaN
677,SANT'ORSOLA TERME,2021,0.9270833333333334,0.7017543859649122,NaN,NaN
678,SANT'ORSOLA TERME,2022,0.7878787878787878,0.423728813559322,NaN,NaN
679,SANT'ORSOLA TERME,2023,0.8235294117647058,0.451063829787234,NaN,NaN
680,SANZENO,2019,0.782608695652174,0.3968253968253968,NaN,NaN
681,SANZENO,2020,0.8181818181818182,0.41899441340782123,NaN,NaN
682,SANZENO,2021,0.8571428571428571,0.5514705882352942,NaN,NaN
683,SANZENO,2022,0.5714285714285714,0.2077922077922078,NaN,NaN
684,SANZENO,2023,0.5714285714285714,0.2077922077922078,NaN,NaN
685,SARNONICO,2019,0.8679245283018868,0.1862348178137652,NaN,NaN
686,SARNONICO,2020,0.8679245283018868,0.1862348178137652,NaN,NaN
687,SARNONICO,2021,0.8679245283018868,0.1862348178137652,NaN,NaN
688,SARNONICO,2022,0.6666666666666666,0.055229142185663924,NaN,NaN
689,SARNONICO,2023,0.65,0.056338028169014086,NaN,NaN
690,SCURELLE,2019,0.0,0.0,NaN,NaN
691,SCURELLE,2020,0.0,0.0,NaN,NaN
692,SCURELLE,2021,0.0,0.0,NaN,NaN
693,SCURELLE,2022,0.21428571428571427,0.06190476190476191,NaN,NaN
694,SCURELLE,2023,0.2,0.048507462686567165,NaN,NaN
695,SEGONZANO,2019,0.3333333333333333,0.052845528455284556,NaN,NaN
696,SEGONZANO,2020,0.3333333333333333,0.052845528455284556,NaN,NaN
697,SEGONZANO,2021,0.3333333333333333,0.051587301587301584,NaN,NaN
698,SEGONZANO,2022,0.42857142857142855,0.14028776978417265,NaN,NaN
699,SEGONZANO,2023,0.4666666666666667,0.1524822695035461,NaN,NaN
700,SELLA GIUDICARIE,2019,0.9135802469135802,0.5135593220338983,NaN,NaN
701,SELLA GIUDICARIE,2020,0.9367088607594937,0.5856958762886598,NaN,NaN
702,SELLA GIUDICARIE,2021,0.925,0.5353356890459364,NaN,NaN
703,SELLA GIUDICARIE,2022,0.7678571428571429,0.2129032258064516,NaN,NaN
704,SELLA GIUDICARIE,2023,0.7611940298507462,0.23134328358208955,NaN,NaN
705,SFRUZ,2019,0.9024390243902439,0.6021505376344086,NaN,NaN
706,SFRUZ,2020,0.9024390243902439,0.6021505376344086,NaN,NaN
707,SFRUZ,2021,0.9024390243902439,0.6021505376344086,NaN,NaN
708,SFRUZ,2022,0.7777777777777778,0.3620689655172414,NaN,NaN
709,SFRUZ,2023,0.7777777777777778,0.3657142857142857,NaN,NaN
710,SORAGA DI FASSA-SORAGA,2019,0.8375,0.357981220657277,NaN,NaN
711,SORAGA DI FASSA-SORAGA,2020,0.8427672955974843,0.3540336622170633,NaN,NaN
712,SORAGA DI FASSA-SORAGA,2021,0.8375,0.34738041002277903,NaN,NaN
713,SORAGA DI FASSA-SORAGA,2022,0.8461538461538461,0.3541666666666667,NaN,NaN
714,SORAGA DI FASSA-SORAGA,2023,0.84472049689441,0.9820554649265906,NaN,NaN
715,SOVER,2019,0.8181818181818182,0.39263803680981596,NaN,NaN
716,SOVER,2020,0.9,0.5333333333333333,NaN,NaN
717,SOVER,2021,0.8571428571428571,0.42105263157894735,NaN,NaN
718,SOVER,2022,0.7692307692307693,0.3383458646616541,NaN,NaN
719,SOVER,2023,0.7692307692307693,0.3643410852713178,NaN,NaN
720,SPIAZZO,2019,0.9691011235955056,0.29347826086956524,NaN,NaN
721,SPIAZZO,2020,0.9663865546218487,0.26384364820846906,NaN,NaN
722,SPIAZZO,2021,0.9691011235955056,0.29347826086956524,NaN,NaN
723,SPIAZZO,2022,0.725,0.24701195219123506,NaN,NaN
724,SPIAZZO,2023,0.725,0.24803149606299213,NaN,NaN
725,SPORMAGGIORE,2019,0.7894736842105263,0.5208333333333334,46.2177519,11.0482682
726,SPORMAGGIORE,2020,0.7894736842105263,0.5208333333333334,46.2177519,11.0482682
727,SPORMAGGIORE,2021,0.7692307692307693,0.48638132295719844,46.2177519,11.0482682
728,SPORMAGGIORE,2022,0.6666666666666666,0.38392857142857145,46.2177519,11.0482682
729,SPORMAGGIORE,2023,0.6923076923076923,0.4131455399061033,46.2177519,11.0482682
730,SPORMINORE,2019,0.6363636363636364,0.3191489361702128,NaN,NaN
731,SPORMINORE,2020,0.6363636363636364,0.3191489361702128,NaN,NaN
732,SPORMINORE,2021,0.5833333333333334,0.3125,NaN,NaN
733,SPORMINORE,2022,0.0,0.0,NaN,NaN
734,SPORMINORE,2023,0.0,0.0,NaN,NaN
735,STENICO,2019,0.8411214953271028,0.20526723470178157,NaN,NaN
736,STENICO,2020,0.9090909090909091,0.3665283540802213,NaN,NaN
737,STENICO,2021,0.9,0.3393085787451985,NaN,NaN
738,STENICO,2022,0.6428571428571429,0.12694877505567928,NaN,NaN
739,STENICO,2023,0.6888888888888889,0.16194790486976218,NaN,NaN
740,STORO,2019,0.8421052631578947,0.3618421052631579,NaN,NaN
741,STORO,2020,0.8421052631578947,0.3618421052631579,NaN,NaN
742,STORO,2021,0.8648648648648649,0.45081967213114754,NaN,NaN
743,STORO,2022,0.6363636363636364,0.17105263157894737,NaN,NaN
744,STORO,2023,0.6666666666666666,0.19230769230769232,NaN,NaN
745,STREMBO,2019,0.9926650366748166,0.9719562243502052,NaN,NaN
746,STREMBO,2020,0.9926650366748166,0.9719562243502052,NaN,NaN
747,STREMBO,2021,0.9878345498783455,0.9604596147347076,NaN,NaN
748,STREMBO,2022,0.5454545454545454,0.145985401459854,NaN,NaN
749,STREMBO,2023,0.6153846153846154,0.20408163265306123,NaN,NaN
750,TELVE,2019,0.6585365853658537,0.2681992337164751,NaN,NaN
751,TELVE,2020,0.7714285714285715,0.46511627906976744,NaN,NaN
752,TELVE,2021,0.6923076923076923,0.32036613272311215,NaN,NaN
753,TELVE,2022,0.48148148148148145,0.1479028697571744,NaN,NaN
754,TELVE,2023,0.4827586206896552,0.18863049095607234,NaN,NaN
755,TELVE DI SOPRA,2019,0.0,0.0,NaN,NaN
756,TELVE DI SOPRA,2020,0.0,0.0,NaN,NaN
757,TELVE DI SOPRA,2021,0.0,0.0,NaN,NaN
758,TELVE DI SOPRA,2022,1.0,1.0,NaN,NaN
759,TELVE DI SOPRA,2023,1.0,1.0,NaN,NaN
760,TENNA,2019,0.9690721649484536,0.7419898819561551,NaN,NaN
761,TENNA,2020,0.9494949494949495,0.7189542483660131,NaN,NaN
762,TENNA,2021,0.9494949494949495,0.7189542483660131,NaN,NaN
763,TENNA,2022,0.8780487804878049,0.44155844155844154,NaN,NaN
764,TENNA,2023,0.8648648648648649,0.4342105263157895,NaN,NaN
765,TENNO,2019,0.7674418604651163,0.3095467695274831,NaN,NaN
766,TENNO,2020,0.7692307692307693,0.3045822102425876,NaN,NaN
767,TENNO,2021,0.7252747252747253,0.2743589743589744,NaN,NaN
768,TENNO,2022,0.7452830188679245,0.29217110573042776,NaN,NaN
769,TENNO,2023,0.7565217391304347,0.3004769475357711,NaN,NaN
770,TERRAGNOLO,2019,0.96,0.9016393442622951,NaN,NaN
771,TERRAGNOLO,2020,0.96,0.9016393442622951,NaN,NaN
772,TERRAGNOLO,2021,0.96,0.9016393442622951,NaN,NaN
773,TERRAGNOLO,2022,1.0,1.0,NaN,NaN
774,TERRAGNOLO,2023,0.6666666666666666,0.2857142857142857,NaN,NaN
775,TERRE D'ADIGE,2019,0.0,0.0,NaN,NaN
776,TERRE D'ADIGE,2020,0.2,0.21621621621621623,NaN,NaN
777,TERRE D'ADIGE,2021,0.25,0.27586206896551724,NaN,NaN
778,TERRE D'ADIGE,2022,0.16666666666666666,0.16,NaN,NaN
779,TERRE D'ADIGE,2023,0.125,0.13333333333333333,NaN,NaN
780,TERZOLAS,2019,0.8620689655172413,0.31456953642384106,NaN,NaN
781,TERZOLAS,2020,0.8620689655172413,0.31456953642384106,NaN,NaN
782,TERZOLAS,2021,0.8928571428571429,0.41304347826086957,NaN,NaN
783,TERZOLAS,2022,0.6666666666666666,0.1509433962264151,NaN,NaN
784,TERZOLAS,2023,0.75,0.20118343195266272,NaN,NaN
785,TESERO,2019,0.8666666666666667,0.3418196994991653,NaN,NaN
786,TESERO,2020,0.8625592417061612,0.8331637843336724,NaN,NaN
787,TESERO,2021,0.8584905660377359,0.3353808353808354,NaN,NaN
788,TESERO,2022,0.7786259541984732,0.9670781893004116,NaN,NaN
789,TESERO,2023,0.7828947368421053,0.249008373732922,NaN,NaN
790,TIONE DI TRENTO,2019,0.696969696969697,0.3064066852367688,NaN,NaN
791,TIONE DI TRENTO,2020,0.71875,0.421455938697318,NaN,NaN
792,TIONE DI TRENTO,2021,0.71875,0.497737556561086,NaN,NaN
793,TIONE DI TRENTO,2022,0.71875,0.4926829268292683,NaN,NaN
794,TIONE DI TRENTO,2023,0.8157894736842105,0.5921052631578947,NaN,NaN
795,TON,2019,0.0,0.0,NaN,NaN
796,TON,2020,0.14285714285714285,0.046875,NaN,NaN
797,TON,2021,0.2,0.0625,NaN,NaN
798,TON,2022,0.6666666666666666,0.4731182795698925,NaN,NaN
799,TON,2023,0.6875,0.5050505050505051,NaN,NaN
800,TORCEGNO,2019,0.7647058823529411,0.11684782608695653,NaN,NaN
801,TORCEGNO,2020,0.7647058823529411,0.11684782608695653,NaN,NaN
802,TORCEGNO,2021,0.7647058823529411,0.11684782608695653,NaN,NaN
803,TORCEGNO,2022,0.5555555555555556,0.08450704225352113,NaN,NaN
804,TORCEGNO,2023,0.6,0.09722222222222222,NaN,NaN
805,TRAMBILENO,2019,0.0,0.0,NaN,NaN
806,TRAMBILENO,2020,0.0,0.0,NaN,NaN
807,TRAMBILENO,2021,0.0,0.0,NaN,NaN
808,TRAMBILENO,2022,0.0,0.0,NaN,NaN
809,TRAMBILENO,2023,0.5,0.10101010101010101,NaN,NaN
810,TRE VILLE,2019,0.7757009345794392,0.21964612568639413,NaN,NaN
811,TRE VILLE,2020,0.7980769230769231,0.24128686327077747,NaN,NaN
812,TRE VILLE,2021,0.8058252427184466,0.9703504043126685,NaN,NaN
813,TRE VILLE,2022,0.808695652173913,0.24024767801857586,NaN,NaN
814,TRE VILLE,2023,0.8359375,0.79073756432247,NaN,NaN
815,TRENTO,2019,0.7303988995873453,0.31847606919240157,NaN,NaN
816,TRENTO,2020,0.731404958677686,0.3241871016528033,NaN,NaN
817,TRENTO,2021,0.7489421720733427,0.3360958673983649,NaN,NaN
818,TRENTO,2022,0.6490872210953347,0.1544007618011155,NaN,NaN
819,TRENTO,2023,0.6955782312925171,0.18555781966377993,NaN,NaN
820,VALDAONE,2019,0.6172839506172839,0.18882175226586104,NaN,NaN
821,VALDAONE,2020,0.819672131147541,0.5319148936170213,NaN,NaN
822,VALDAONE,2021,0.7352941176470589,0.33602150537634407,NaN,NaN
823,VALDAONE,2022,0.21052631578947367,0.04509283819628647,NaN,NaN
824,VALDAONE,2023,0.21951219512195122,0.27586206896551724,NaN,NaN
825,VALFLORIANA,2019,0.8,0.5373134328358209,NaN,NaN
826,VALFLORIANA,2020,0.8,0.5373134328358209,NaN,NaN
827,VALFLORIANA,2021,0.8,0.5373134328358209,NaN,NaN
828,VALFLORIANA,2022,0.6923076923076923,0.4056603773584906,NaN,NaN
829,VALFLORIANA,2023,0.7272727272727273,0.4318181818181818,NaN,NaN
830,VALLARSA,2019,0.92,0.7546201232032854,NaN,NaN
831,VALLARSA,2020,0.92,0.7688284518828452,NaN,NaN
832,VALLARSA,2021,0.9349593495934959,0.7624481327800829,NaN,NaN
833,VALLARSA,2022,0.0,0.0,NaN,NaN
834,VALLARSA,2023,0.1111111111111111,0.012578616352201259,NaN,NaN
835,VALLELAGHI,2019,0.6521739130434783,0.1648780487804878,NaN,NaN
836,VALLELAGHI,2020,0.6122448979591837,0.1580916744621141,NaN,NaN
837,VALLELAGHI,2021,0.6521739130434783,0.16584887144259078,NaN,NaN
838,VALLELAGHI,2022,0.6904761904761905,0.12058212058212059,NaN,NaN
839,VALLELAGHI,2023,0.6739130434782609,0.10726643598615918,NaN,NaN
840,VARENA,2019,0.8666666666666667,0.5328947368421053,NaN,NaN
841,VARENA,2020,0.0,0.0,NaN,NaN
842,VARENA,2021,0.0,0.0,NaN,NaN
843,VARENA,2022,0.0,0.0,NaN,NaN
844,VARENA,2023,0.0,0.0,NaN,NaN
845,VERMIGLIO,2019,0.7586206896551724,0.15737612612612611,NaN,NaN
846,VERMIGLIO,2020,0.8020833333333334,0.1850380668652764,NaN,NaN
847,VERMIGLIO,2021,0.8105263157894737,0.1903950953678474,NaN,NaN
848,VERMIGLIO,2022,0.7048192771084337,0.15183833847880998,NaN,NaN
849,VERMIGLIO,2023,0.7248677248677249,0.16679904686258937,NaN,NaN
850,VIGNOLA-FALESINA,2019,0.16666666666666666,0.24096385542168675,NaN,NaN
851,VIGNOLA-FALESINA,2020,0.16666666666666666,0.24096385542168675,NaN,NaN
852,VIGNOLA-FALESINA,2021,0.16666666666666666,0.24096385542168675,NaN,NaN
853,VIGNOLA-FALESINA,2022,0.4444444444444444,0.1310344827586207,NaN,NaN
854,VIGNOLA-FALESINA,2023,0.6428571428571429,0.2222222222222222,NaN,NaN
855,VILLA LAGARINA,2019,0.7222222222222222,0.2560240963855422,NaN,NaN
856,VILLA LAGARINA,2020,0.7222222222222222,0.2599388379204893,NaN,NaN
857,VILLA LAGARINA,2021,0.7647058823529411,0.2664576802507837,NaN,NaN
858,VILLA LAGARINA,2022,0.25,0.03643724696356275,NaN,NaN
859,VILLA LAGARINA,2023,0.2857142857142857,0.04597701149425287,NaN,NaN
860,VILLE D'ANAUNIA,2019,0.6538461538461539,0.2922636103151863,NaN,NaN
861,VILLE D'ANAUNIA,2020,0.660377358490566,0.3002832861189802,NaN,NaN
862,VILLE D'ANAUNIA,2021,0.6481481481481481,0.26700251889168763,NaN,NaN
863,VILLE D'ANAUNIA,2022,0.660377358490566,0.3245192307692308,NaN,NaN
864,VILLE D'ANAUNIA,2023,0.6825396825396826,0.3619631901840491,NaN,NaN
865,VOLANO,2019,0.0,0.0,NaN,NaN
866,VOLANO,2020,0.0,0.0,NaN,NaN
867,VOLANO,2021,0.0,0.0,NaN,NaN
868,VOLANO,2022,1.0,1.0,NaN,NaN
869,VOLANO,2023,1.0,1.0,NaN,NaN
870,ZIANO DI FIEMME,2019,0.940677966101695,0.6298507462686567,NaN,NaN
871,ZIANO DI FIEMME,2020,0.9487179487179487,0.6386198547215496,NaN,NaN
872,ZIANO DI FIEMME,2021,0.9446808510638298,0.6309808612440191,NaN,NaN
873,ZIANO DI FIEMME,2022,0.8585858585858586,0.38223552894211577,NaN,NaN
874,ZIANO DI FIEMME,2023,0.86,0.389,NaN,NaN
875,PROVINCIA,2019,0.8818944425026215,0.40043813975195297,NaN,NaN
876,PROVINCIA,2020,0.9872805306281701,0.4097669524662657,NaN,NaN
877,PROVINCIA,2021,0.8865009130495857,0.41048120633425395,NaN,NaN
878,PROVINCIA,2022,0.7874537307617377,0.23854360557497617,NaN,NaN
879,PROVINCIA,2023,0.7956337174044875,0.24820861085716772,NaN,NaN
880,BORGO D'ANAUNIA,2019,0.0,0.0,NaN,NaN
881,BORGO D'ANAUNIA,2020,0.8953488372093024,0.5044959772834832,NaN,NaN
882,BORGO D'ANAUNIA,2021,0.8988326848249028,0.5071360608943863,NaN,NaN
883,BORGO D'ANAUNIA,2022,0.7777777777777778,0.25363984674329504,NaN,NaN
884,BORGO D'ANAUNIA,2023,0.7727272727272727,0.24591381872213966,NaN,NaN
885,NOVELLA,2019,0.0,0.0,NaN,NaN
886,NOVELLA,2020,0.6578947368421053,0.3333333333333333,NaN,NaN
887,NOVELLA,2021,0.6756756756756757,0.3197278911564626,NaN,NaN
888,NOVELLA,2022,0.671875,0.32247557003257327,NaN,NaN
889,NOVELLA,2023,0.6470588235294118,0.32114467408585057,NaN,NaN
890,VILLE DI FIEMME,2019,0.0,0.0,NaN,NaN
891,VILLE DI FIEMME,2020,0.9069767441860465,0.45010252904989745,NaN,NaN
892,VILLE DI FIEMME,2021,0.9043478260869565,0.44735054347826086,NaN,NaN
893,VILLE DI FIEMME,2022,0.8391959798994975,0.31981212638770284,NaN,NaN
894,VILLE DI FIEMME,2023,0.8544600938967136,0.34175642087821045,NaN,NaN
